training_row,sample_dir,sample_name,training_source_bucket,label_status,label_source,base_label_csv,arw_path,arw_md5,arw_size,cdf_path,rpt_path,peak_width_sec,detection_threshold,minimum_height,Peak Width,Detection Threshold,Minimum Height,profile_id,profile_training_count,duplicate_group_size,duplicate_dirs,hmws_area_pct_norm,monomer_area_pct_norm,lmws_area_pct_norm
1,data\A1,A1,legacy_ocr_review,ok,legacy_ocr_parameter_screenshot,datasets\sec_parameter_labels_ocr_review.csv,data\A1\Method3252.arw,c7f4b8d0ca12473fbc74f9ab62c2965f,67084,data\A1\Method3252.cdf,data\A1\Method_m32_result_3289.rpt,40.0,10.0,30.0,40.0,10.0,30.0,40.0000|10.0000|30.0000,24,3.0,data\A1;data\A3;extra\42,0.3228255079894568,99.66121305124278,0.015961440767756
2,data\A10,A10,legacy_ocr_review,ok,legacy_ocr_parameter_screenshot,datasets\sec_parameter_labels_ocr_review.csv,data\A10\data7482.arw,d0787d3c2d9a7a2057527678183a4bfe,201028,data\A10\data7482.cdf,data\A10\data_m32_result_7685.rpt,50.0,18.0,20.0,50.0,18.0,20.0,50.0000|18.0000|20.0000,3,1.0,,,,
3,data\A11,A11,legacy_ocr_review,ok,legacy_ocr_parameter_screenshot,datasets\sec_parameter_labels_ocr_review.csv,data\A11\data7622.arw,05428fc7c249d2ad039d2a54696b6ed9,196504,data\A11\data7622.cdf,data\A11\data_m32_result_7689.rpt,50.0,18.0,20.0,50.0,18.0,20.0,50.0000|18.0000|20.0000,3,1.0,,,,
4,data\A12,A12,legacy_ocr_review,ok,legacy_ocr_parameter_screenshot,datasets\sec_parameter_labels_ocr_review.csv,data\A12\data7602.arw,39964f50efe61d14f679dd42c14c4bee,195353,data\A12\data7602.cdf,data\A12\data_m32_result_7688.rpt,50.0,18.0,20.0,50.0,18.0,20.0,50.0000|18.0000|20.0000,3,1.0,,,,
5,data\A13,A13,legacy_ocr_review,ok,legacy_ocr_parameter_screenshot,datasets\sec_parameter_labels_ocr_review.csv,data\A13\data6460.arw,cd44b15b85bad10eddd6258bcff0eef4,195572,data\A13\data6460.cdf,data\A13\data_m32_result_6526.rpt,100.0,10.0,10.0,100.0,10.0,10.0,100.0000|10.0000|10.0000,10,1.0,,,,
6,data\A15,A15,legacy_ocr_review,ok,legacy_ocr_parameter_screenshot,datasets\sec_parameter_labels_ocr_review.csv,data\A15\data6464.arw,e76a7500eecfab8898241f17e4183c5a,196207,data\A15\data6464.cdf,data\A15\data_m32_result_6527.rpt,100.0,10.0,10.0,100.0,10.0,10.0,100.0000|10.0000|10.0000,10,1.0,,,,
7,data\A16,A16,legacy_ocr_review,ok,legacy_ocr_parameter_screenshot,datasets\sec_parameter_labels_ocr_review.csv,data\A16\data5511.arw,d8e2680022379b1fe5a8f9dbff7f1937,198916,data\A16\data5511.cdf,data\A16\data_m32_result_5651.rpt,70.0,30.0,20.0,70.0,30.0,20.0,70.0000|30.0000|20.0000,3,1.0,,,,
8,data\A17,A17,legacy_ocr_review,ok,legacy_ocr_parameter_screenshot,datasets\sec_parameter_labels_ocr_review.csv,data\A17\data5515.arw,07d3992e13f5ef7d747e0e6d614763dc,198657,data\A17\data5515.cdf,data\A17\data_m32_result_5652.rpt,70.0,30.0,20.0,70.0,30.0,20.0,70.0000|30.0000|20.0000,3,1.0,,,,
9,data\A18,A18,legacy_ocr_review,ok,legacy_ocr_parameter_screenshot,datasets\sec_parameter_labels_ocr_review.csv,data\A18\data5519.arw,a7105e490fae7ef020cbea7343b55092,197076,data\A18\data5519.cdf,data\A18\data_m32_result_5653.rpt,70.0,30.0,20.0,70.0,30.0,20.0,70.0000|30.0000|20.0000,3,1.0,,,,
10,data\A19,A19,legacy_ocr_review,ok,legacy_ocr_parameter_screenshot,datasets\sec_parameter_labels_ocr_review.csv,data\A19\data2402.arw,ae4054190b545528ff66e24953c16f52,198236,data\A19\data2402.cdf,data\A19\data_m32_result_2527.rpt,80.0,20.0,20.0,80.0,20.0,20.0,80.0000|20.0000|20.0000,9,1.0,,,,
11,data\A2,A2,legacy_ocr_review,ok,legacy_ocr_parameter_screenshot,datasets\sec_parameter_labels_ocr_review.csv,data\A2\Method3222.arw,f5516fe163485d0e2572d97e53df5ed9,65538,data\A2\Method3222.cdf,data\A2\Method_m32_result_3286.rpt,40.0,10.0,30.0,40.0,10.0,30.0,40.0000|10.0000|30.0000,24,2.0,data\A2;extra\39,0.3258562153376457,99.6314932311558,0.0426505535065554
12,data\A20,A20,legacy_ocr_review,ok,legacy_ocr_parameter_screenshot,datasets\sec_parameter_labels_ocr_review.csv,data\A20\data2440.arw,0e077787bf9beaa7ae4d21237b369f22,199115,data\A20\data2440.cdf,data\A20\data_m32_result_2528.rpt,80.0,20.0,20.0,80.0,20.0,20.0,80.0000|20.0000|20.0000,9,1.0,,,,
13,data\A21,A21,legacy_ocr_review,ok,legacy_ocr_parameter_screenshot,datasets\sec_parameter_labels_ocr_review.csv,data\A21\data2462.arw,cedaa284675b80e74e8d7535563a410b,197858,data\A21\data2462.cdf,data\A21\data_m32_result_2529.rpt,80.0,20.0,20.0,80.0,20.0,20.0,80.0000|20.0000|20.0000,9,1.0,,,,
14,data\A4,A4,legacy_ocr_review,ok,legacy_ocr_parameter_screenshot,datasets\sec_parameter_labels_ocr_review.csv,data\A4\Method2160.arw,d9cccb2c090bcba4e218364a847260f8,67379,data\A4\Method2160.cdf,data\A4\Method_m32_result_2236.rpt,30.0,15.0,10.0,30.0,15.0,10.0,30.0000|15.0000|10.0000,19,2.0,data\A4;extra\66,0.219265126221256,0.0837898003215417,99.6969450734572
15,data\A6,A6,legacy_ocr_review,ok,legacy_ocr_parameter_screenshot,datasets\sec_parameter_labels_ocr_review.csv,data\A6\Method2226.arw,26c546e2c4c7bd10654da065c4fc0c8c,65692,data\A6\Method2226.cdf,data\A6\Method_m32_result_2239.rpt,30.0,15.0,10.0,30.0,15.0,10.0,30.0000|15.0000|10.0000,19,2.0,data\A6;extra\69,0.218206394956705,0.0792273614353971,99.7025662436079
16,data\A7,A7,legacy_ocr_review,ok,legacy_ocr_parameter_screenshot,datasets\sec_parameter_labels_ocr_review.csv,data\A7\data8022.arw,ca01f036902a1aa58261b9e0e8958e88,193822,data\A7\data8022.cdf,data\A7\data_m32_result_8200.rpt,80.0,15.0,10.0,80.0,15.0,10.0,80.0000|15.0000|10.0000,3,1.0,,,,
17,data\A8,A8,legacy_ocr_review,ok,legacy_ocr_parameter_screenshot,datasets\sec_parameter_labels_ocr_review.csv,data\A8\data8042.arw,6b86bb8e26f0cfb4d50b752478beb5fc,195650,data\A8\data8042.cdf,data\A8\data_m32_result_8201.rpt,80.0,15.0,10.0,80.0,15.0,10.0,80.0000|15.0000|10.0000,3,1.0,,,,
18,data\A9,A9,legacy_ocr_review,ok,legacy_ocr_parameter_screenshot,datasets\sec_parameter_labels_ocr_review.csv,data\A9\data8062.arw,3e7efdc2f824315dd1ac2d2576187013,195790,data\A9\data8062.cdf,data\A9\data_m32_result_8202.rpt,80.0,15.0,10.0,80.0,15.0,10.0,80.0000|15.0000|10.0000,3,1.0,,,,
19,data\B1,B1,legacy_ocr_review,ok,legacy_ocr_parameter_screenshot,datasets\sec_parameter_labels_ocr_review.csv,data\B1\data12696.arw,6a5c53cc7e8a01383346b0d46641d97b,66623,data\B1\data12696.cdf,data\B1\data_m32_result_12865.rpt,50.0,15.0,20.0,50.0,15.0,20.0,50.0000|15.0000|20.0000,2,1.0,,2.52777878123971,7.133657653632013,89.16868734192283
20,data\B10,B10,legacy_ocr_review,ok,legacy_ocr_parameter_screenshot,datasets\sec_parameter_labels_ocr_review.csv,data\B10\data1533.arw,2df05dfb2bf0c46069fc2c234da40c22,198735,data\B10\data1533.cdf,data\B10\data_m32_result_2246.rpt,80.0,10.0,10.0,80.0,10.0,10.0,80.0000|10.0000|10.0000,3,1.0,,,,
21,data\B11,B11,legacy_ocr_review,ok,legacy_ocr_parameter_screenshot,datasets\sec_parameter_labels_ocr_review.csv,data\B11\data1537.arw,1552cb1626137afb9a83b9da6511e8fd,199233,data\B11\data1537.cdf,data\B11\data_m32_result_2247.rpt,80.0,10.0,10.0,80.0,10.0,10.0,80.0000|10.0000|10.0000,3,1.0,,,,
22,data\B12,B12,legacy_ocr_review,ok,legacy_ocr_parameter_screenshot,datasets\sec_parameter_labels_ocr_review.csv,data\B12\data1541.arw,6878a0f335fd0ef48ab5d8c7106d114e,197831,data\B12\data1541.cdf,data\B12\data_m32_result_2248.rpt,80.0,10.0,10.0,80.0,10.0,10.0,80.0000|10.0000|10.0000,3,1.0,,,,
23,data\B13,B13,legacy_ocr_review,ok,legacy_ocr_parameter_screenshot,datasets\sec_parameter_labels_ocr_review.csv,data\B13\data1222.arw,eebd04850bbee96160e0df957162b768,196034,data\B13\data1222.cdf,data\B13\data_m32_result_1408.rpt,70.0,10.0,10.0,70.0,10.0,10.0,70.0000|10.0000|10.0000,6,1.0,,,,
24,data\B14,B14,legacy_ocr_review,ok,legacy_ocr_parameter_screenshot,datasets\sec_parameter_labels_ocr_review.csv,data\B14\data1242.arw,53c07954455e19e3c74ea1620f4dfb04,195692,data\B14\data1242.cdf,data\B14\data_m32_result_1409.rpt,70.0,10.0,10.0,70.0,10.0,10.0,70.0000|10.0000|10.0000,6,1.0,,,,
25,data\B15,B15,legacy_ocr_review,ok,legacy_ocr_parameter_screenshot,datasets\sec_parameter_labels_ocr_review.csv,data\B15\data1262.arw,1cf2ff3399bccabdc44a756f72e87b24,198566,data\B15\data1262.cdf,data\B15\data_m32_result_1410.rpt,70.0,10.0,10.0,70.0,10.0,10.0,70.0000|10.0000|10.0000,6,1.0,,,,
26,data\B2,B2,legacy_ocr_review,ok,legacy_ocr_parameter_screenshot,datasets\sec_parameter_labels_ocr_review.csv,data\B2\Method2762.arw,e8a33a6d0ef483bdd4a5ce8269c57e29,66114,data\B2\Method2762.cdf,data\B2\Method_m32_result_2850.rpt,40.0,10.0,30.0,40.0,10.0,30.0,40.0000|10.0000|30.0000,24,2.0,data\B2;extra\47,2.7667276620923373,10.289885397477764,86.89971224140515
27,data\B3,B3,legacy_ocr_review,ok,legacy_ocr_parameter_screenshot,datasets\sec_parameter_labels_ocr_review.csv,data\B3\testdata1078.arw,49b895448d7d774ddbfa75ea9d7ca593,196577,data\B3\testdata1078.cdf,data\B3\testdata_m32_result_1174.rpt,80.0,20.0,32.0,80.0,20.0,32.0,80.0000|20.0000|32.0000,5,2.0,data\B3;extra\HT LL 1,,,
28,data\B4,B4,legacy_ocr_review,ok,legacy_ocr_parameter_screenshot,datasets\sec_parameter_labels_ocr_review.csv,data\B4\Method2802.arw,36de87f0cc14b5c5c2eaee9439a4f944,65227,data\B4\Method2802.cdf,data\B4\Method_m32_result_2852.rpt,40.0,10.0,30.0,40.0,10.0,30.0,40.0000|10.0000|30.0000,24,2.0,data\B4;extra\49,3.7824449871314254,14.166380570497996,82.05117444237058
29,data\B5,B5,legacy_ocr_review,ok,legacy_ocr_parameter_screenshot,datasets\sec_parameter_labels_ocr_review.csv,data\B5\Method2806.arw,f785234c750dbd96496ce627b5fec034,65058,data\B5\Method2806.cdf,data\B5\Method_m32_result_2853.rpt,40.0,10.0,30.0,40.0,10.0,30.0,40.0000|10.0000|30.0000,24,2.0,data\B5;extra\50,3.633941774786445,14.143883061444054,82.22217516376949
30,data\B6,B6,legacy_ocr_review,ok,legacy_ocr_parameter_screenshot,datasets\sec_parameter_labels_ocr_review.csv,data\B6\Method2202.arw,46caf46e7a61846823a971d1d852b54f,65246,data\B6\Method2202.cdf,data\B6\Method_m32_result_2237.rpt,30.0,15.0,10.0,30.0,15.0,10.0,30.0000|15.0000|10.0000,19,2.0,data\B6;extra\67,0.0131528742292219,3.095657173329525,14.083233064290374
31,data\B7,B7,legacy_ocr_review,ok,legacy_ocr_parameter_screenshot,datasets\sec_parameter_labels_ocr_review.csv,data\B7\testdata1082.arw,b2c571b076ddcaa1eeff232870ed6e54,196229,data\B7\testdata1082.cdf,data\B7\testdata_m32_result_1172.rpt,80.0,20.0,32.0,80.0,20.0,32.0,80.0000|20.0000|32.0000,5,2.0,data\B7;extra\HT LL 2,,,
32,data\BC1,BC1,legacy_ocr_review,ok,legacy_ocr_parameter_screenshot,datasets\sec_parameter_labels_ocr_review.csv,data\BC1\data12782.arw,bb6b6842998d6dc5ef8dfe8d9173de98,65628,data\BC1\data12782.cdf,data\BC1\data_m32_result_12870.rpt,50.0,15.0,20.0,50.0,15.0,20.0,50.0000|15.0000|20.0000,2,1.0,,5.298789011193628,3.336900869519345,90.8834154759742
33,data\BC10,BC10,legacy_ocr_review,ok,legacy_ocr_parameter_screenshot,datasets\sec_parameter_labels_ocr_review.csv,data\BC10\data1079.arw,2eb5a6c4c922ddbd4f04cc3769dc8bce,195108,data\BC10\data1079.cdf,data\BC10\data_m32_result_1113.rpt,70.0,10.0,10.0,70.0,10.0,10.0,70.0000|10.0000|10.0000,6,1.0,,,,
34,data\BC11,BC11,legacy_ocr_review,ok,legacy_ocr_parameter_screenshot,datasets\sec_parameter_labels_ocr_review.csv,data\BC11\data1083.arw,28c37ae16a2d70f78db3e725a068c660,195321,data\BC11\data1083.cdf,data\BC11\data_m32_result_1114.rpt,70.0,10.0,10.0,70.0,10.0,10.0,70.0000|10.0000|10.0000,6,1.0,,,,
35,data\BC2,BC2,legacy_ocr_review,ok,legacy_ocr_parameter_screenshot,datasets\sec_parameter_labels_ocr_review.csv,data\BC2\Method1066.arw,8744fcb5bd719e42e44c0d588c97810f,66991,data\BC2\Method1066.cdf,data\BC2\Method_m32_result_1092.rpt,80.0,20.0,11.0,80.0,20.0,11.0,80.0000|20.0000|11.0000,3,2.0,data\BC2;extra\98,3.3642567821534555,13.641194826379724,82.46781244839667
36,data\BC3,BC3,legacy_ocr_review,ok,legacy_ocr_parameter_screenshot,datasets\sec_parameter_labels_ocr_review.csv,data\BC3\Method4614.arw,d852450fad47f348339c6f44e213c6d3,66350,data\BC3\Method4614.cdf,data\BC3\Method_m32_result_4635.rpt,30.0,10.0,30.0,30.0,10.0,30.0,30.0000|10.0000|30.0000,4,2.0,data\BC3;extra\jian1,3.2210313968951705,12.681248059686276,82.21187683157932
37,data\BC4,BC4,legacy_ocr_review,ok,legacy_ocr_parameter_screenshot,datasets\sec_parameter_labels_ocr_review.csv,data\BC4\Method4610.arw,2404c366417c95d45d8f5a8eea4002d3,66129,data\BC4\Method4610.cdf,data\BC4\Method_m32_result_4634.rpt,30.0,10.0,30.0,30.0,10.0,30.0,30.0000|10.0000|30.0000,4,2.0,data\BC4;extra\jian2,3.430866392768801,13.433936236021204,81.3184982512882
38,data\BC5,BC5,legacy_ocr_review,ok,legacy_ocr_parameter_screenshot,datasets\sec_parameter_labels_ocr_review.csv,data\BC5\Method4606.arw,f33be1402f9dd450a73698fe3989ca8d,67106,data\BC5\Method4606.cdf,data\BC5\Method_m32_result_4633.rpt,30.0,10.0,30.0,30.0,10.0,30.0,30.0000|10.0000|30.0000,4,2.0,data\BC5;extra\jian3,3.4146956894598945,13.651626973995604,81.0948275152999
39,data\BC6,BC6,legacy_ocr_review,ok,legacy_ocr_parameter_screenshot,datasets\sec_parameter_labels_ocr_review.csv,data\BC6\data4584.arw,3b48fbe79d06f41103727d5774d317da,195920,data\BC6\data4584.cdf,data\BC6\data_m32_result_5046.rpt,70.0,30.0,0.0,70.0,30.0,0.0,70.0000|30.0000|0.0000,3,1.0,,,,
40,data\BC7,BC7,legacy_ocr_review,ok,legacy_ocr_parameter_screenshot,datasets\sec_parameter_labels_ocr_review.csv,data\BC7\data4592.arw,4e29bdb33bd70ac5989fc163a8431308,197922,data\BC7\data4592.cdf,data\BC7\data_m32_result_5047.rpt,70.0,30.0,0.0,70.0,30.0,0.0,70.0000|30.0000|0.0000,3,1.0,,,,
41,data\BC8,BC8,legacy_ocr_review,ok,legacy_ocr_parameter_screenshot,datasets\sec_parameter_labels_ocr_review.csv,data\BC8\data4600.arw,60a35ec7ce2ad6c0e590efb6585ae5b5,198616,data\BC8\data4600.cdf,data\BC8\data_m32_result_5048.rpt,70.0,30.0,0.0,70.0,30.0,0.0,70.0000|30.0000|0.0000,3,1.0,,,,
42,data\BC9,BC9,legacy_ocr_review,ok,legacy_ocr_parameter_screenshot,datasets\sec_parameter_labels_ocr_review.csv,data\BC9\data1075.arw,a296c47b3f731bba032b36dd4452ea48,191217,data\BC9\data1075.cdf,data\BC9\data_m32_result_1112.rpt,70.0,10.0,10.0,70.0,10.0,10.0,70.0000|10.0000|10.0000,6,1.0,,,,
43,data\BE1,BE1,legacy_ocr_review,ok,legacy_ocr_parameter_screenshot,datasets\sec_parameter_labels_ocr_review.csv,data\BE1\Method2722.arw,d7baa434452f73a496d8fcbe08f80c37,65157,data\BE1\Method2722.cdf,data\BE1\Method_m32_result_2848.rpt,40.0,10.0,30.0,40.0,10.0,30.0,40.0000|10.0000|30.0000,24,2.0,data\BE1;extra\45,0.6222958138830502,2.555018434002333,6.879331895790089
44,extra\46,46,legacy_ocr_review,ok,legacy_ocr_parameter_screenshot,datasets\sec_parameter_labels_ocr_review.csv,extra\46\Method2742.arw,9486560658ec9b86174953e5783d2d13,66476,extra\46\Method2742.cdf,extra\46\Method_m32_result_2849.rpt,40.0,10.0,30.0,40.0,10.0,30.0,40.0000|10.0000|30.0000,24,1.0,,0.3416725289880082,99.658327471012,
45,extra\48,48,legacy_ocr_review,ok,legacy_ocr_parameter_screenshot,datasets\sec_parameter_labels_ocr_review.csv,extra\48\Method2782.arw,407744b48b398ea2fea3f484bbc7bfb2,65498,extra\48\Method2782.cdf,extra\48\Method_m32_result_2851.rpt,40.0,10.0,30.0,40.0,10.0,30.0,40.0000|10.0000|30.0000,24,1.0,,3.7388886956329017,14.131027808748302,82.13008349561878
46,extra\51,51,legacy_ocr_review,ok,legacy_ocr_parameter_screenshot,datasets\sec_parameter_labels_ocr_review.csv,extra\51\Method2810.arw,1c4f512926487524478943a343e57559,66860,extra\51\Method2810.cdf,extra\51\Method_m32_result_2854.rpt,40.0,10.0,30.0,40.0,10.0,30.0,40.0000|10.0000|30.0000,24,1.0,,3.5356392316179885,13.976890358293426,82.48747041008858
47,extra\52,52,legacy_ocr_review,ok,legacy_ocr_parameter_screenshot,datasets\sec_parameter_labels_ocr_review.csv,extra\52\Method2814.arw,16043c1ca5ee268cc5f37a96969a167d,66410,extra\52\Method2814.cdf,extra\52\Method_m32_result_2855.rpt,40.0,10.0,30.0,40.0,10.0,30.0,40.0000|10.0000|30.0000,24,1.0,,3.3785883181164293,13.92171406024245,82.69969762164114
48,extra\53,53,legacy_ocr_review,ok,legacy_ocr_parameter_screenshot,datasets\sec_parameter_labels_ocr_review.csv,extra\53\Method2818.arw,e83e580fcae63d876312af871f0de951,66781,extra\53\Method2818.cdf,extra\53\Method_m32_result_2856.rpt,40.0,10.0,30.0,40.0,10.0,30.0,40.0000|10.0000|30.0000,24,1.0,,3.368536331847961,13.904714207262437,82.7267494608896
49,extra\59,59,legacy_ocr_review,ok,legacy_ocr_parameter_screenshot,datasets\sec_parameter_labels_ocr_review.csv,extra\59\Method2568.arw,910296572a93f2497bfbbd9f41fe197a,66884,extra\59\Method2568.cdf,extra\59\Method_m32_result_2607.rpt,40.0,0.0,30.0,40.0,0.0,30.0,40.0000|0.0000|30.0000,1,1.0,,4.144714493292622,13.86520080385851,81.9305029525562
50,extra\60,60,legacy_ocr_review,ok,legacy_ocr_parameter_screenshot,datasets\sec_parameter_labels_ocr_review.csv,extra\60\Method2572.arw,e2ce2ee35e9c56b31ba0085d42607051,66345,extra\60\Method2572.cdf,extra\60\Method_m32_result_2608.rpt,40.0,10.0,30.0,40.0,10.0,30.0,40.0000|10.0000|30.0000,24,1.0,,3.8333448006050457,13.539828971955004,82.55631762028156
51,extra\62,62,legacy_ocr_review,ok,legacy_ocr_parameter_screenshot,datasets\sec_parameter_labels_ocr_review.csv,extra\62\Method2576.arw,c53235bdf49f33d27f799f044973ef15,65102,extra\62\Method2576.cdf,extra\62\Method_m32_result_2609.rpt,40.0,10.0,30.0,40.0,10.0,30.0,40.0000|10.0000|30.0000,24,1.0,,3.605654148202321,13.20775148321434,83.13457164726924
52,extra\64,64,legacy_ocr_review,ok,legacy_ocr_parameter_screenshot,datasets\sec_parameter_labels_ocr_review.csv,extra\64\Method2584.arw,0cbc73b1279e4fa97debfb17a89b06c1,66198,extra\64\Method2584.cdf,extra\64\Method_m32_result_2611.rpt,40.0,10.0,30.0,40.0,10.0,30.0,40.0000|10.0000|30.0000,24,1.0,,3.715486736388255,13.605034485743648,82.60161753403135
53,extra\65,65,legacy_ocr_review,ok,legacy_ocr_parameter_screenshot,datasets\sec_parameter_labels_ocr_review.csv,extra\65\Method2588.arw,88e1a188e19d835ba1c3abbd56ad7e8f,65898,extra\65\Method2588.cdf,extra\65\Method_m32_result_2612.rpt,40.0,10.0,30.0,40.0,10.0,30.0,40.0000|10.0000|30.0000,24,1.0,,3.1809000770995643,13.084120071756365,83.68917890543892
54,extra\68,68,legacy_ocr_review,ok,legacy_ocr_parameter_screenshot,datasets\sec_parameter_labels_ocr_review.csv,extra\68\Method2222.arw,184f8a2221f5e70e26123176e8303b97,66127,extra\68\Method2222.cdf,extra\68\Method_m32_result_2238.rpt,30.0,15.0,10.0,30.0,15.0,10.0,30.0000|15.0000|10.0000,19,1.0,,0.0095394590726384,2.695531188395075,13.012394496836444
55,extra\71,71,legacy_ocr_review,ok,legacy_ocr_parameter_screenshot,datasets\sec_parameter_labels_ocr_review.csv,extra\71\Method1631.arw,ab8050b37c6041960f06bdb8d95f5738,67285,extra\71\Method1631.cdf,extra\71\Method_m32_result_2268.rpt,30.0,15.0,10.0,30.0,15.0,10.0,30.0000|15.0000|10.0000,19,1.0,,2.126160189163513,10.461840542207618,87.40611948784873
56,extra\72,72,legacy_ocr_review,ok,legacy_ocr_parameter_screenshot,datasets\sec_parameter_labels_ocr_review.csv,extra\72\Method1639.arw,1e9f4078243402fab802324548bca3cd,67127,extra\72\Method1639.cdf,extra\72\Method_m32_result_2269.rpt,30.0,15.0,10.0,30.0,15.0,10.0,30.0000|15.0000|10.0000,19,1.0,,2.190165845037687,10.336701801817233,87.47313235314509
57,extra\73,73,legacy_ocr_review,ok,legacy_ocr_parameter_screenshot,datasets\sec_parameter_labels_ocr_review.csv,extra\73\Method1643.arw,1c2b716d5953d99e41d6b7704f83a45f,67176,extra\73\Method1643.cdf,extra\73\Method_m32_result_2270.rpt,30.0,15.0,10.0,30.0,15.0,10.0,30.0000|15.0000|10.0000,19,1.0,,2.1282015418798648,9.985813395118772,87.88598506300137
58,extra\75,75,legacy_ocr_review,ok,legacy_ocr_parameter_screenshot,datasets\sec_parameter_labels_ocr_review.csv,extra\75\Method1647.arw,d2df0d28c046efe0d2b08b1fc14904c5,67016,extra\75\Method1647.cdf,extra\75\Method_m32_result_2271.rpt,30.0,15.0,10.0,30.0,15.0,10.0,30.0000|15.0000|10.0000,19,1.0,,2.077818014485304,9.75392597033481,88.16825601517989
59,extra\76,76,legacy_ocr_review,ok,legacy_ocr_parameter_screenshot,datasets\sec_parameter_labels_ocr_review.csv,extra\76\Method1655.arw,22ddd85f252e86fbc95742629707a2b6,66577,extra\76\Method1655.cdf,extra\76\Method_m32_result_2273.rpt,30.0,15.0,10.0,30.0,15.0,10.0,30.0000|15.0000|10.0000,19,1.0,,2.079193297990623,9.59186606462077,88.32894063738861
60,extra\77,77,legacy_ocr_review,ok,legacy_ocr_parameter_screenshot,datasets\sec_parameter_labels_ocr_review.csv,extra\77\Method1659.arw,70503903b0293c9f072fb902e2756197,67040,extra\77\Method1659.cdf,extra\77\Method_m32_result_2274.rpt,30.0,15.0,10.0,30.0,15.0,10.0,30.0000|15.0000|10.0000,19,1.0,,3.5506472019383506,14.253126127810754,82.19622667025091
61,extra\78,78,legacy_ocr_review,ok,legacy_ocr_parameter_screenshot,datasets\sec_parameter_labels_ocr_review.csv,extra\78\Method1663.arw,c0c747a7d802365f52a06b28f043f816,67135,extra\78\Method1663.cdf,extra\78\Method_m32_result_2275.rpt,30.0,15.0,10.0,30.0,15.0,10.0,30.0000|15.0000|10.0000,19,1.0,,3.450255504625479,14.198853941638845,82.35089055373568
62,extra\79,79,legacy_ocr_review,ok,legacy_ocr_parameter_screenshot,datasets\sec_parameter_labels_ocr_review.csv,extra\79\Method1667.arw,f2d836a50ef0c644e1fc8a52ddf90598,65148,extra\79\Method1667.cdf,extra\79\Method_m32_result_2276.rpt,30.0,15.0,10.0,30.0,15.0,10.0,30.0000|15.0000|10.0000,19,1.0,,3.497258425821065,14.208314740084449,82.29442683409448
63,extra\81,81,legacy_ocr_review,ok,legacy_ocr_parameter_screenshot,datasets\sec_parameter_labels_ocr_review.csv,extra\81\Method1248.arw,3ca49eadfdaace0a39af87fec6e7dc66,67670,extra\81\Method1248.cdf,extra\81\Method_m32_result_1318.rpt,30.0,15.0,10.0,30.0,15.0,10.0,30.0000|15.0000|10.0000,19,1.0,,0.183050071188265,0.072242252818017,99.74470767599372
64,extra\82,82,legacy_ocr_review,ok,legacy_ocr_parameter_screenshot,datasets\sec_parameter_labels_ocr_review.csv,extra\82\Method1252.arw,7a3cdee1e86d21b9a95861aa95d8e5db,65456,extra\82\Method1252.cdf,extra\82\Method_m32_result_1312.rpt,30.0,15.0,10.0,30.0,15.0,10.0,30.0000|15.0000|10.0000,19,1.0,,4.3991040039144425,14.598167383756492,81.00272861232907
65,extra\83,83,legacy_ocr_review,ok,legacy_ocr_parameter_screenshot,datasets\sec_parameter_labels_ocr_review.csv,extra\83\Method1256.arw,649761114c5e57d40f34b0108df0361f,66341,extra\83\Method1256.cdf,extra\83\Method_m32_result_1313.rpt,30.0,15.0,10.0,30.0,15.0,10.0,30.0000|15.0000|10.0000,19,1.0,,4.066415443300342,13.916742085892022,81.98647449675687
66,extra\84,84,legacy_ocr_review,ok,legacy_ocr_parameter_screenshot,datasets\sec_parameter_labels_ocr_review.csv,extra\84\Method1260.arw,23c03ccf37cc26cd83d14c6031f62f74,66510,extra\84\Method1260.cdf,extra\84\Method_m32_result_1314.rpt,30.0,15.0,10.0,30.0,15.0,10.0,30.0000|15.0000|10.0000,19,1.0,,4.011793497583115,14.021523932255992,81.7795647818654
67,extra\85,85,legacy_ocr_review,ok,legacy_ocr_parameter_screenshot,datasets\sec_parameter_labels_ocr_review.csv,extra\85\Method1264.arw,39704a0b49d98b80daa9e6870b8b23c8,66953,extra\85\Method1264.cdf,extra\85\Method_m32_result_1315.rpt,30.0,15.0,10.0,30.0,15.0,10.0,30.0000|15.0000|10.0000,19,1.0,,3.9323037566635217,13.918676500237712,82.0035209032889
68,extra\86,86,legacy_ocr_review,ok,legacy_ocr_parameter_screenshot,datasets\sec_parameter_labels_ocr_review.csv,extra\86\Method1268.arw,61d7182c5920d45940fa07847d2066b7,66987,extra\86\Method1268.cdf,extra\86\Method_m32_result_1316.rpt,30.0,15.0,10.0,30.0,15.0,10.0,30.0000|15.0000|10.0000,19,1.0,,3.775859184867787,13.872716712984476,82.31934529452727
69,extra\87,87,legacy_ocr_review,ok,legacy_ocr_parameter_screenshot,datasets\sec_parameter_labels_ocr_review.csv,extra\87\Method1272.arw,f9c1b80b8e75cd0e99121627c7015276,67538,extra\87\Method1272.cdf,extra\87\Method_m32_result_1319.rpt,30.0,15.0,10.0,30.0,15.0,10.0,30.0000|15.0000|10.0000,19,1.0,,0.1783276617207878,0.0692610270459898,99.75241131123325
70,extra\88,88,legacy_ocr_review,ok,legacy_ocr_parameter_screenshot,datasets\sec_parameter_labels_ocr_review.csv,extra\88\Method1112.arw,519334b0a2d94335f30e0384815b17d8,68344,extra\88\Method1112.cdf,extra\88\Method_m32_result_2325.rpt,40.0,10.0,30.0,40.0,10.0,30.0,40.0000|10.0000|30.0000,24,1.0,,0.650147157902635,0.0871648805029219,99.15302420149642
71,extra\89,89,legacy_ocr_review,ok,legacy_ocr_parameter_screenshot,datasets\sec_parameter_labels_ocr_review.csv,extra\89\Method1116.arw,1bec3f2d1ce96e2bc1849995f2d60709,67569,extra\89\Method1116.cdf,extra\89\Method_m32_result_1147.rpt,40.0,10.0,30.0,40.0,10.0,30.0,40.0000|10.0000|30.0000,24,1.0,,2.111081814707485,10.10725332623539,87.66530870878772
72,extra\90,90,legacy_ocr_review,ok,legacy_ocr_parameter_screenshot,datasets\sec_parameter_labels_ocr_review.csv,extra\90\Method1120.arw,d310c4e14ed6c2fe14593e0edd30fb62,67587,extra\90\Method1120.cdf,extra\90\Method_m32_result_1148.rpt,40.0,10.0,30.0,40.0,10.0,30.0,40.0000|10.0000|30.0000,24,1.0,,0.3249153437857594,5.938123905966698,93.4201689040937
73,extra\91,91,legacy_ocr_review,ok,legacy_ocr_parameter_screenshot,datasets\sec_parameter_labels_ocr_review.csv,extra\91\Method1124.arw,f11007cdc55df154a273ba52cc15bc6a,68035,extra\91\Method1124.cdf,extra\91\Method_m32_result_1149.rpt,40.0,10.0,30.0,40.0,10.0,30.0,40.0000|10.0000|30.0000,24,1.0,,0.70435332249267,99.19718318931191,0.0984634881953983
74,extra\92,92,legacy_ocr_review,ok,legacy_ocr_parameter_screenshot,datasets\sec_parameter_labels_ocr_review.csv,extra\92\Method1042.arw,4701d9073dc4f3891336332326020165,68003,extra\92\Method1042.cdf,extra\92\Method_m32_result_1086.rpt,80.0,20.0,11.0,80.0,20.0,11.0,80.0000|20.0000|11.0000,3,1.0,,0.7232332130785715,99.18989101204888,0.086875774872555
75,extra\99,99,legacy_ocr_review,ok,legacy_ocr_parameter_screenshot,datasets\sec_parameter_labels_ocr_review.csv,extra\99\Method1070.arw,f6de665d5b511bda2ab8ff956d921537,67535,extra\99\Method1070.cdf,extra\99\Method_m32_result_1093.rpt,80.0,20.0,11.0,80.0,20.0,11.0,80.0000|20.0000|11.0000,3,1.0,,0.7211338222371899,99.18808502870505,0.0907811490577762
76,extra\D1,D1,legacy_ocr_review,missing_peak_width_sec,legacy_ocr_parameter_screenshot,datasets\sec_parameter_labels_ocr_review.csv,extra\D1\exp1562.arw,376e46868cc1c3dc7d7852259e13a1c7,66241,extra\D1\exp1562.cdf,extra\D1\exp_m32_result_1610.rpt,50.0,0.5,0.0,50.0,0.5,0.0,50.0000|0.5000|0.0000,8,2.0,data\B8;extra\D1,0.4108130355788185,3.927051766389982,95.4848363521242
77,extra\D2,D2,legacy_ocr_review,ok,legacy_ocr_parameter_screenshot,datasets\sec_parameter_labels_ocr_review.csv,extra\D2\exp1542.arw,6a29bee1131b08a476e68bdec7f9c42b,66937,extra\D2\exp1542.cdf,extra\D2\exp_m32_result_1609.rpt,50.0,0.5,0.0,50.0,0.5,0.0,50.0000|0.5000|0.0000,8,2.0,data\B9;extra\D2,0.1348536928679711,3.984601829698601,95.69728190575948
78,extra\D3,D3,legacy_ocr_review,ok,legacy_ocr_parameter_screenshot,datasets\sec_parameter_labels_ocr_review.csv,extra\D3\exp1522.arw,a1b58e9639ddd520fd4f2c14dcb87374,67152,extra\D3\exp1522.cdf,extra\D3\exp_m32_result_1608.rpt,50.0,0.5,0.0,50.0,0.5,0.0,50.0000|0.5000|0.0000,8,1.0,,0.0899953774088122,3.946360614592429,95.76601609016384
79,extra\D4,D4,legacy_ocr_review,ok,legacy_ocr_parameter_screenshot,datasets\sec_parameter_labels_ocr_review.csv,extra\D4\exp1502.arw,81ab34d4bed4c8dcf6395e83bf47fac4,66806,extra\D4\exp1502.cdf,extra\D4\exp_m32_result_1607.rpt,50.0,0.5,0.0,50.0,0.5,0.0,50.0000|0.5000|0.0000,8,1.0,,0.3341220416536078,3.800583860561933,95.66637945390757
80,extra\D5,D5,legacy_ocr_review,ok,legacy_ocr_parameter_screenshot,datasets\sec_parameter_labels_ocr_review.csv,extra\D5\exp1482.arw,bdc8952e31b7ab0a84ac6f56d60bd153,66852,extra\D5\exp1482.cdf,extra\D5\exp_m32_result_1606.rpt,50.0,0.5,0.0,50.0,0.5,0.0,50.0000|0.5000|0.0000,8,1.0,,0.2650199415628388,3.6088470445782286,95.9156679219335
81,extra\HT LL 3,HT LL 3,legacy_ocr_review,ok,legacy_ocr_parameter_screenshot,datasets\sec_parameter_labels_ocr_review.csv,extra\HT LL 3\testdata1086.arw,c60151f63d4e58db7fcf5045fe6caa53,196041,extra\HT LL 3\testdata1086.cdf,extra\HT LL 3\testdata_m32_result_1170.rpt,80.0,20.0,32.0,80.0,20.0,32.0,80.0000|20.0000|32.0000,5,1.0,,,,
82,extra\HT LL 4,HT LL 4,legacy_ocr_review,ok,legacy_ocr_parameter_screenshot,datasets\sec_parameter_labels_ocr_review.csv,extra\HT LL 4\testdata1090.arw,4dda59d6af8eb5d8fa39b710bdc4751a,195835,extra\HT LL 4\testdata1090.cdf,extra\HT LL 4\testdata_m32_result_1168.rpt,80.0,20.0,32.0,80.0,20.0,32.0,80.0000|20.0000|32.0000,5,1.0,,,,
83,extra\HT LL 5,HT LL 5,legacy_ocr_review,ok,legacy_ocr_parameter_screenshot,datasets\sec_parameter_labels_ocr_review.csv,extra\HT LL 5\testdata1094.arw,3ef97dea26c800ecd8137f3530bb4900,195887,extra\HT LL 5\testdata1094.cdf,extra\HT LL 5\testdata_m32_result_1166.rpt,80.0,20.0,32.0,80.0,20.0,32.0,80.0000|20.0000|32.0000,5,1.0,,,,
84,extra\N1,N1,legacy_ocr_review,ok,legacy_ocr_parameter_screenshot,datasets\sec_parameter_labels_ocr_review.csv,extra\N1\Method1878.arw,814f67924660894f558f270e7cf1cf9b,198459,extra\N1\Method1878.cdf,extra\N1\Method_m32_result_2269.rpt,100.0,10.0,10.0,100.0,10.0,10.0,100.0000|10.0000|10.0000,10,1.0,,,,
85,extra\N2,N2,legacy_ocr_review,ok,legacy_ocr_parameter_screenshot,datasets\sec_parameter_labels_ocr_review.csv,extra\N2\Method1874.arw,2935db0675636bead8ad3e3ead73d471,197618,extra\N2\Method1874.cdf,extra\N2\Method_m32_result_2268.rpt,100.0,10.0,10.0,100.0,10.0,10.0,100.0000|10.0000|10.0000,10,1.0,,,,
86,extra\N3,N3,legacy_ocr_review,ok,legacy_ocr_parameter_screenshot,datasets\sec_parameter_labels_ocr_review.csv,extra\N3\Method1870.arw,6f1c83b99389945e1df37e788b6159d9,198710,extra\N3\Method1870.cdf,extra\N3\Method_m32_result_2267.rpt,100.0,10.0,10.0,100.0,10.0,10.0,100.0000|10.0000|10.0000,10,1.0,,,,
87,extra\N4,N4,legacy_ocr_review,ok,legacy_ocr_parameter_screenshot,datasets\sec_parameter_labels_ocr_review.csv,extra\N4\Method1866.arw,bb2efb476d0ca23f7d227e7b18221c3d,199495,extra\N4\Method1866.cdf,extra\N4\Method_m32_result_2266.rpt,100.0,10.0,10.0,100.0,10.0,10.0,100.0000|10.0000|10.0000,10,1.0,,,,
88,extra\N5,N5,legacy_ocr_review,ok,legacy_ocr_parameter_screenshot,datasets\sec_parameter_labels_ocr_review.csv,extra\N5\Method1862.arw,99e75daa0a66654f7c9a2fd12a7e7294,199661,extra\N5\Method1862.cdf,extra\N5\Method_m32_result_2265.rpt,100.0,10.0,10.0,100.0,10.0,10.0,100.0000|10.0000|10.0000,10,1.0,,,,
89,test2\1,1,manual_confirmed,manual_confirmed,user_confirmed_test2_image_1,,test2\1\test1842.arw,810a9eef94b4d2472a36091e802465a5,67079,,,50.0,0.5,0.0,50.0,0.5,0.0,50.0000|0.5000|0.0000,8,,,,,
90,test2\2,2,manual_confirmed,manual_confirmed,user_confirmed_test2_image_1,,test2\2\test1866.arw,8574b1e0a2a11d1fac66b86bd10c68f2,67283,,,50.0,0.5,0.0,50.0,0.5,0.0,50.0000|0.5000|0.0000,8,,,,,
91,test2\3,3,manual_confirmed,manual_confirmed,user_confirmed_test2_image_1,,test2\3\test1874.arw,4f686e1456b3ba5efd48e221648fd158,66868,,,50.0,0.5,0.0,50.0,0.5,0.0,50.0000|0.5000|0.0000,8,,,,,
92,test2\4,4,manual_confirmed,manual_confirmed,user_confirmed_test2_image_2,,test2\4\Method4911.arw,68ee240ddd81b10391c6f08ef89eb30b,67517,,,40.0,0.0,0.0,40.0,0.0,0.0,40.0000|0.0000|0.0000,3,,,,,
93,test2\5,5,manual_confirmed,manual_confirmed,user_confirmed_test2_image_2,,test2\5\Method4922.arw,9e63219b3284cfb629e47772c3e88100,65200,,,40.0,0.0,0.0,40.0,0.0,0.0,40.0000|0.0000|0.0000,3,,,,,
94,test2\6,6,manual_confirmed,manual_confirmed,user_confirmed_test2_image_2,,test2\6\Method4942.arw,8dff2e0615073540f46b7c0442dc6c30,65257,,,40.0,0.0,0.0,40.0,0.0,0.0,40.0000|0.0000|0.0000,3,,,,,
95,test2\7,7,manual_confirmed,manual_confirmed,user_confirmed_test2_image_3,,test2\7\Method4602.arw,d2d0ce49f5470d2da799cff0dfe71f6b,68074,,,30.0,10.0,30.0,30.0,10.0,30.0,30.0000|10.0000|30.0000,4,,,,,
96,test2\10,10,ocr_training_reviewed,ocr_training,ocr_parameter_screenshot,,test2\10\test5606.arw,257b2fe9c3b1da16135d9fed8b9eef72,196097,,,100.0,1.0,0.0,100.0,1.0,0.0,100.0000|1.0000|0.0000,6,,,,,
97,test2\11,11,ocr_training_reviewed,ocr_training,ocr_parameter_screenshot,,test2\11\test5610.arw,7ee3e7505321515e9fa88a4eabe90c66,197150,,,100.0,1.0,0.0,100.0,1.0,0.0,100.0000|1.0000|0.0000,6,,,,,
98,test2\12,12,ocr_training_reviewed,ocr_training,ocr_parameter_screenshot,,test2\12\test5614.arw,bea2d552cb8bf8b5a84ac4e9bfc1f947,193518,,,100.0,1.0,0.0,100.0,1.0,0.0,100.0000|1.0000|0.0000,6,,,,,
99,test2\13,13,ocr_training_reviewed,ocr_training,ocr_parameter_screenshot,,test2\13\Method4491.arw,afe84dcb5e8388b2866f05a713da34c5,65607,,,40.0,10.0,30.0,40.0,10.0,30.0,40.0000|10.0000|30.0000,24,,,,,
100,test2\14,14,ocr_training_reviewed,ocr_training,ocr_parameter_screenshot,,test2\14\Method4495.arw,730eacf5447334aa5134c91b8d0c6116,66258,,,40.0,10.0,30.0,40.0,10.0,30.0,40.0000|10.0000|30.0000,24,,,,,
101,test2\15,15,ocr_training_reviewed,ocr_training,ocr_parameter_screenshot,,test2\15\Method4499.arw,20825090e838440c61a765eaffd8bef9,66794,,,40.0,10.0,30.0,40.0,10.0,30.0,40.0000|10.0000|30.0000,24,,,,,
102,test2\16,16,ocr_training_reviewed,ocr_training,ocr_parameter_screenshot,,test2\16\Method3707.arw,673c5171dfaca487ffa89e5c66f668ff,67589,,,20.0,10.0,30.0,20.0,10.0,30.0,20.0000|10.0000|30.0000,3,,,,,
103,test2\17,17,ocr_training_reviewed,ocr_training,ocr_parameter_screenshot,,test2\17\Method3712.arw,cf4db732d5451546027a542528fe2834,67646,,,20.0,10.0,30.0,20.0,10.0,30.0,20.0000|10.0000|30.0000,3,,,,,
104,test2\18,18,ocr_training_reviewed,ocr_training,ocr_parameter_screenshot,,test2\18\Method3722.arw,d04776eb596d0bb458b561d7babb43b4,67911,,,20.0,10.0,30.0,20.0,10.0,30.0,20.0000|10.0000|30.0000,3,,,,,
105,test2\19,19,ocr_training_reviewed,ocr_training,ocr_parameter_screenshot,,test2\19\Method3202.arw,e60140d62c658839b28ea0e609a11f9f,65527,,,40.0,10.0,30.0,40.0,10.0,30.0,40.0000|10.0000|30.0000,24,,,,,
106,test2\20,20,ocr_training_reviewed,ocr_training,ocr_parameter_screenshot,,test2\20\Method3247.arw,54bb4762becca98a398a7313803693da,68333,,,40.0,10.0,30.0,40.0,10.0,30.0,40.0000|10.0000|30.0000,24,,,,,
107,test2\28,28,ocr_training_reviewed,ocr_training,ocr_parameter_screenshot,,test2\28\test1922.arw,d70762ae5598a873fa609dfbbb4e314c,198572,,,120.0,15.0,5.0,120.0,15.0,5.0,120.0000|15.0000|5.0000,3,,,,,
108,test2\29,29,ocr_training_reviewed,ocr_training,ocr_parameter_screenshot,,test2\29\test1950.arw,118f3453b934bbd466ca715998e6a693,199385,,,120.0,15.0,5.0,120.0,15.0,5.0,120.0000|15.0000|5.0000,3,,,,,
109,test2\30,30,ocr_training_reviewed,ocr_training,ocr_parameter_screenshot,,test2\30\test1938.arw,607360d8a94f0edf97d508bc500985d3,198194,,,120.0,15.0,5.0,120.0,15.0,5.0,120.0000|15.0000|5.0000,3,,,,,
110,test2\31,31,ocr_training_reviewed,ocr_training,ocr_parameter_screenshot,,test2\31\test1113.arw,a5d521da92c67f30302570a03be251aa,200472,,,120.0,0.0,10.0,120.0,0.0,10.0,120.0000|0.0000|10.0000,3,,,,,
111,test2\32,32,ocr_training_reviewed,ocr_training,ocr_parameter_screenshot,,test2\32\test1466.arw,ba02288d102d81c90395289bbc1d484a,187518,,,120.0,0.0,10.0,120.0,0.0,10.0,120.0000|0.0000|10.0000,3,,,,,
112,test2\33,33,ocr_training_reviewed,ocr_training,ocr_parameter_screenshot,,test2\33\test1470.arw,749893bc0c6d736e5158bbf6ecd1d610,190687,,,120.0,0.0,10.0,120.0,0.0,10.0,120.0000|0.0000|10.0000,3,,,,,
113,test2\34,34,user_confirmed_ocr_training,ocr_training,user_confirmed_ocr_parameter_screenshot,,test2\34\test1199.arw,ef9b9b6c8733df0f92ee591140258f7e,201403,,,100.0,50.0,50.0,100.0,50.0,50.0,100.0000|50.0000|50.0000,3,,,,,
114,test2\35,35,user_confirmed_ocr_training,ocr_training,user_confirmed_ocr_parameter_screenshot,,test2\35\test1203.arw,a16b7844d1a0f91f7aca7340c4f82e30,197433,,,100.0,50.0,50.0,100.0,50.0,50.0,100.0000|50.0000|50.0000,3,,,,,
115,test2\36,36,user_confirmed_ocr_training,ocr_training,user_confirmed_ocr_parameter_screenshot,,test2\36\test1207.arw,6db4d43ae2f6bd848f87717d52a61638,199138,,,100.0,50.0,50.0,100.0,50.0,50.0,100.0000|50.0000|50.0000,3,,,,,
116,test2\37,37,user_confirmed_ocr_training,ocr_training,user_confirmed_ocr_parameter_screenshot,,test2\37\test1035.arw,6c1672c8807671b6d6f15acaf3d53c29,199346,,,100.0,10.0,10.0,100.0,10.0,10.0,100.0000|10.0000|10.0000,10,,,,,
117,test2\38,38,user_confirmed_ocr_training,ocr_training,user_confirmed_ocr_parameter_screenshot,,test2\38\test1043.arw,14cc1280b0497fbd4e813170673b6a8f,195778,,,100.0,10.0,10.0,100.0,10.0,10.0,100.0000|10.0000|10.0000,10,,,,,
118,test2\39,39,user_confirmed_ocr_training,ocr_training,user_confirmed_ocr_parameter_screenshot,,test2\39\test1051.arw,d692f8af2f20beca82049b74a145eb06,194304,,,100.0,10.0,10.0,100.0,10.0,10.0,100.0000|10.0000|10.0000,10,,,,,
119,test2\46,46,user_confirmed_ocr_training,ocr_training,user_confirmed_ocr_parameter_screenshot,,test2\46\test3402.arw,b81227153fccc8e85e89057ed51b33e4,193704,,,120.0,20.0,0.0,120.0,20.0,0.0,120.0000|20.0000|0.0000,3,,,,,
120,test2\47,47,user_confirmed_ocr_training,ocr_training,user_confirmed_ocr_parameter_screenshot,,test2\47\test3422.arw,1f6cc1816d62b7466264b309db61e98c,200979,,,120.0,20.0,0.0,120.0,20.0,0.0,120.0000|20.0000|0.0000,3,,,,,
121,test2\48,48,user_confirmed_ocr_training,ocr_training,user_confirmed_ocr_parameter_screenshot,,test2\48\test3406.arw,0667e1fc5af18f853d5760150afc512e,200648,,,120.0,20.0,0.0,120.0,20.0,0.0,120.0000|20.0000|0.0000,3,,,,,
122,test2\49,49,user_confirmed_ocr_training,ocr_training,user_confirmed_ocr_parameter_screenshot,,test2\49\test3130.arw,1c9805c3b06cdb524eaff630f5f3e280,198053,,,120.0,20.0,10.0,120.0,20.0,10.0,120.0000|20.0000|10.0000,3,,,,,
123,test2\50,50,user_confirmed_ocr_training,ocr_training,user_confirmed_ocr_parameter_screenshot,,test2\50\test3162.arw,bc9abcbebf4dcc48133acbcc5ca54a4c,200696,,,120.0,20.0,10.0,120.0,20.0,10.0,120.0000|20.0000|10.0000,3,,,,,
124,test2\51,51,user_confirmed_ocr_training,ocr_training,user_confirmed_ocr_parameter_screenshot,,test2\51\test3114.arw,15eec5bb1d74478313cc865d0b18e8e2,200190,,,120.0,20.0,10.0,120.0,20.0,10.0,120.0000|20.0000|10.0000,3,,,,,
125,test2\52,52,user_confirmed_ocr_training,ocr_training,user_confirmed_ocr_parameter_screenshot,,test2\52\test2790.arw,d393a3d67c243c94afb658006019b5ad,194079,,,120.0,10.0,10.0,120.0,10.0,10.0,120.0000|10.0000|10.0000,3,,,,,
126,test2\53,53,user_confirmed_ocr_training,ocr_training,user_confirmed_ocr_parameter_screenshot,,test2\53\test2794.arw,be88be5314f41a759967d48427e3b44a,199430,,,120.0,10.0,10.0,120.0,10.0,10.0,120.0000|10.0000|10.0000,3,,,,,
127,test2\54,54,user_confirmed_ocr_training,ocr_training,user_confirmed_ocr_parameter_screenshot,,test2\54\test2798.arw,65e1c38183292830b761e2e18307d624,199482,,,120.0,10.0,10.0,120.0,10.0,10.0,120.0000|10.0000|10.0000,3,,,,,
128,test2\55,55,user_confirmed_ocr_training,ocr_training,user_confirmed_ocr_parameter_screenshot,,test2\55\test1790.arw,c8a97413467b871e88eb8cd15d94bc5e,197934,,,100.0,25.0,10.0,100.0,25.0,10.0,100.0000|25.0000|10.0000,3,,,,,
129,test2\56,56,user_confirmed_ocr_training,ocr_training,user_confirmed_ocr_parameter_screenshot,,test2\56\test1798.arw,71d9db953f18534c87d35d15cb03c743,199412,,,100.0,25.0,10.0,100.0,25.0,10.0,100.0000|25.0000|10.0000,3,,,,,
130,test2\57,57,user_confirmed_ocr_training,ocr_training,user_confirmed_ocr_parameter_screenshot,,test2\57\test1802.arw,23be794bd7c39450d277b6aeca1f0ca0,199514,,,100.0,25.0,10.0,100.0,25.0,10.0,100.0000|25.0000|10.0000,3,,,,,
131,test2\58,58,user_confirmed_ocr_training,ocr_training,user_confirmed_ocr_parameter_screenshot,,test2\58\test1591.arw,3c941fd393333270a9d990af530a3e21,199886,,,100.0,20.0,20.0,100.0,20.0,20.0,100.0000|20.0000|20.0000,9,,,,,
132,test2\59,59,user_confirmed_ocr_training,ocr_training,user_confirmed_ocr_parameter_screenshot,,test2\59\test1595.arw,18b1b2b54c2a7c952382c982b3c31428,195819,,,100.0,20.0,20.0,100.0,20.0,20.0,100.0000|20.0000|20.0000,9,,,,,
133,test2\60,60,user_confirmed_ocr_training,ocr_training,user_confirmed_ocr_parameter_screenshot,,test2\60\test1602.arw,73150becc22983ead94129e59e25bd87,193942,,,100.0,20.0,20.0,100.0,20.0,20.0,100.0000|20.0000|20.0000,9,,,,,
134,test2\61,61,user_confirmed_ocr_training,ocr_training,user_confirmed_ocr_parameter_screenshot,,test2\61\test1435.arw,3f4cdc3182db9ea7463f13606862c31b,195982,,,100.0,20.0,20.0,100.0,20.0,20.0,100.0000|20.0000|20.0000,9,,,,,
135,test2\62,62,user_confirmed_ocr_training,ocr_training,user_confirmed_ocr_parameter_screenshot,,test2\62\test1439.arw,6db2e76b347f440a158fec061bc21dd9,199168,,,100.0,20.0,20.0,100.0,20.0,20.0,100.0000|20.0000|20.0000,9,,,,,
136,test2\63,63,user_confirmed_ocr_training,ocr_training,user_confirmed_ocr_parameter_screenshot,,test2\63\test1443.arw,87ec1c730853c57c6e49f06fcdb49f3d,195954,,,100.0,20.0,20.0,100.0,20.0,20.0,100.0000|20.0000|20.0000,9,,,,,
137,test2\64,64,user_confirmed_ocr_training,ocr_training,user_confirmed_ocr_parameter_screenshot,,test2\64\test1035.arw,61aca72fd6ebde293de138f0771c7976,199987,,,100.0,20.0,50.0,100.0,20.0,50.0,100.0000|20.0000|50.0000,2,,,,,
138,test2\65,65,user_confirmed_ocr_training,ocr_training,user_confirmed_ocr_parameter_screenshot,,test2\65\test1039.arw,c654999194da28ec1ad19a3f49f97082,195834,,,100.0,20.0,50.0,100.0,20.0,50.0,100.0000|20.0000|50.0000,2,,,,,
139,test2\66,66,user_confirmed_ocr_training,ocr_training,user_confirmed_ocr_parameter_screenshot,,test2\66\test1043.arw,11f8c67c115e0d09726064de9a2fc062,193971,,,100.0,20.0,58.0,100.0,20.0,58.0,100.0000|20.0000|58.0000,1,,,,,
140,test2\67,67,user_confirmed_ocr_training,ocr_training,user_confirmed_ocr_parameter_screenshot,,test2\67\test7168.arw,36709e9b414fb524d610fcda3c0749bd,199983,,,100.0,1.0,0.0,100.0,1.0,0.0,100.0000|1.0000|0.0000,6,,,,,
141,test2\68,68,user_confirmed_ocr_training,ocr_training,user_confirmed_ocr_parameter_screenshot,,test2\68\test7172.arw,e9df1516c631bb498863bad0f1d5891e,198161,,,100.0,1.0,0.0,100.0,1.0,0.0,100.0000|1.0000|0.0000,6,,,,,
142,test2\69,69,user_confirmed_ocr_training,ocr_training,user_confirmed_ocr_parameter_screenshot,,test2\69\test7182.arw,7f0c59f1a70f7ba9cdfce9bdc495d268,195926,,,100.0,1.0,0.0,100.0,1.0,0.0,100.0000|1.0000|0.0000,6,,,,,
143,test2\70,70,user_confirmed_ocr_training,ocr_training,user_confirmed_ocr_parameter_screenshot,,test2\70\test6810.arw,f5a66e048eefb8da14aa4395e9feae24,199967,,,60.0,25.0,40.0,60.0,25.0,40.0,60.0000|25.0000|40.0000,3,,,,,
144,test2\71,71,user_confirmed_ocr_training,ocr_training,user_confirmed_ocr_parameter_screenshot,,test2\71\test6814.arw,8c24b07507f873c379ec675c8a957516,199131,,,60.0,25.0,40.0,60.0,25.0,40.0,60.0000|25.0000|40.0000,3,,,,,
145,test2\72,72,user_confirmed_ocr_training,ocr_training,user_confirmed_ocr_parameter_screenshot,,test2\72\test6818.arw,2b74cbf1e73759d195a9512a1cb82a46,199149,,,60.0,25.0,40.0,60.0,25.0,40.0,60.0000|25.0000|40.0000,3,,,,,
146,test2\73,73,user_confirmed_ocr_training,ocr_training,user_confirmed_ocr_parameter_screenshot,,test2\73\test5886.arw,e7d0958d69d64839a2906cd6da2a07f4,200484,,,110.0,10.0,20.0,110.0,10.0,20.0,110.0000|10.0000|20.0000,3,,,,,
147,test2\74,74,user_confirmed_ocr_training,ocr_training,user_confirmed_ocr_parameter_screenshot,,test2\74\test5902.arw,815f74e55caaa4845e03cba1e0c77fff,202294,,,110.0,10.0,20.0,110.0,10.0,20.0,110.0000|10.0000|20.0000,3,,,,,
148,test2\75,75,user_confirmed_ocr_training,ocr_training,user_confirmed_ocr_parameter_screenshot,,test2\75\test5906.arw,a41318569aa35b60a4344bc1b7251d62,199565,,,110.0,10.0,20.0,110.0,10.0,20.0,110.0000|10.0000|20.0000,3,,,,,
149,test2\76,76,user_confirmed_ocr_training,ocr_training,user_confirmed_ocr_parameter_screenshot,,test2\76\test5422.arw,7efb75dcaba11b9b802a2c0638cce6c9,200451,,,100.0,20.0,20.0,100.0,20.0,20.0,100.0000|20.0000|20.0000,9,,,,,
150,test2\77,77,user_confirmed_ocr_training,ocr_training,user_confirmed_ocr_parameter_screenshot,,test2\77\test5442.arw,d86a2afc021184b563927d059a0f68fb,199122,,,100.0,20.0,20.0,100.0,20.0,20.0,100.0000|20.0000|20.0000,9,,,,,
151,test2\78,78,user_confirmed_ocr_training,ocr_training,user_confirmed_ocr_parameter_screenshot,,test2\78\test5462.arw,7eaa77c281b15ec6e47fafe3fec7be71,200737,,,100.0,20.0,20.0,100.0,20.0,20.0,100.0000|20.0000|20.0000,9,,,,,
152,test2\79,79,user_confirmed_ocr_training,ocr_training,user_confirmed_ocr_parameter_screenshot,,test2\79\test4802.arw,26ef66b2aee62ae0baf598693965edf6,198056,,,90.0,100.0,10.0,90.0,100.0,10.0,90.0000|100.0000|10.0000,2,,,,,
153,test2\80,80,user_confirmed_ocr_training,ocr_training,user_confirmed_ocr_parameter_screenshot,,test2\80\test4822.arw,f5d4eeddd523b7fdfe041a1de8291305,196692,,,90.0,100.0,10.0,90.0,100.0,10.0,90.0000|100.0000|10.0000,2,,,,,
154,test2\82,82,user_confirmed_ocr_training,ocr_training,user_confirmed_ocr_parameter_screenshot,,test2\82\test4311.arw,e911bb982c5cb467384870c1406dd149,200629,,,80.0,15.0,0.0,80.0,15.0,0.0,80.0000|15.0000|0.0000,3,,,,,
155,test2\83,83,user_confirmed_ocr_training,ocr_training,user_confirmed_ocr_parameter_screenshot,,test2\83\test4315.arw,15b04cbeea9b729f02f0a4f0c89aa72b,194380,,,80.0,15.0,0.0,80.0,15.0,0.0,80.0000|15.0000|0.0000,3,,,,,
156,test2\84,84,user_confirmed_ocr_training,ocr_training,user_confirmed_ocr_parameter_screenshot,,test2\84\test4319.arw,2fc62283d58d8a2e499c01613c22d01b,195274,,,80.0,15.0,0.0,80.0,15.0,0.0,80.0000|15.0000|0.0000,3,,,,,
157,test2\85,85,user_confirmed_ocr_training,ocr_training,user_confirmed_ocr_parameter_screenshot,,test2\85\test3862.arw,2127739654af3c0512cb08fc46227c61,201760,,,80.0,20.0,20.0,80.0,20.0,20.0,80.0000|20.0000|20.0000,9,,,,,
158,test2\86,86,user_confirmed_ocr_training,ocr_training,user_confirmed_ocr_parameter_screenshot,,test2\86\test3882.arw,baf18d3a6f3ae5bb2a45f7f409eac39a,200022,,,80.0,20.0,20.0,80.0,20.0,20.0,80.0000|20.0000|20.0000,9,,,,,
159,test2\87,87,user_confirmed_ocr_training,ocr_training,user_confirmed_ocr_parameter_screenshot,,test2\87\test3902.arw,a47195aa09fb9f5359d96a68ffcc0fd4,197122,,,80.0,20.0,20.0,80.0,20.0,20.0,80.0000|20.0000|20.0000,9,,,,,
160,test2\88,88,user_confirmed_ocr_training,ocr_training,user_confirmed_ocr_parameter_screenshot,,test2\88\test3182.arw,a1b523d50814ec7da3ef2e65d01fe67d,201686,,,80.0,20.0,20.0,80.0,20.0,20.0,80.0000|20.0000|20.0000,9,,,,,
161,test2\89,89,user_confirmed_ocr_training,ocr_training,user_confirmed_ocr_parameter_screenshot,,test2\89\test3202.arw,490485323d140926a1f91b7177a15bb1,198323,,,80.0,20.0,20.0,80.0,20.0,20.0,80.0000|20.0000|20.0000,9,,,,,
162,test2\90,90,user_confirmed_ocr_training,ocr_training,user_confirmed_ocr_parameter_screenshot,,test2\90\test3206.arw,4e84a5be75f3cf41b09f7d6a929f15ac,199541,,,80.0,20.0,20.0,80.0,20.0,20.0,80.0000|20.0000|20.0000,9,,,,,
163,test2\91,91,user_confirmed_ocr_training,ocr_training,user_confirmed_ocr_parameter_screenshot,,test2\91\test2032.arw,1c99e52282d970ac44b3e33026d7fa13,199283,,,80.0,30.0,20.0,80.0,30.0,20.0,80.0000|30.0000|20.0000,3,,,,,
164,test2\92,92,user_confirmed_ocr_training,ocr_training,user_confirmed_ocr_parameter_screenshot,,test2\92\test2036.arw,441369019c5ddd6ebaef493da2d39217,200354,,,80.0,30.0,20.0,80.0,30.0,20.0,80.0000|30.0000|20.0000,3,,,,,
165,test2\93,93,user_confirmed_ocr_training,ocr_training,user_confirmed_ocr_parameter_screenshot,,test2\93\test2040.arw,ec4ac8d8c380e36c74135f3386397a78,195792,,,80.0,30.0,20.0,80.0,30.0,20.0,80.0000|30.0000|20.0000,3,,,,,
166,test2\94,94,user_confirmed_ocr_training,ocr_training,user_confirmed_ocr_parameter_screenshot,,test2\94\test1782.arw,31745d15974dc38f0874e265f196cc48,201305,,,100.0,20.0,19.0,100.0,20.0,19.0,100.0000|20.0000|19.0000,3,,,,,
167,test2\95,95,user_confirmed_ocr_training,ocr_training,user_confirmed_ocr_parameter_screenshot,,test2\95\test1802.arw,5f91373801e082edc76cc1d9f87ca7da,197073,,,100.0,20.0,19.0,100.0,20.0,19.0,100.0000|20.0000|19.0000,3,,,,,
168,test2\96,96,user_confirmed_ocr_training,ocr_training,user_confirmed_ocr_parameter_screenshot,,test2\96\test1822.arw,f552fc2ab6e0168a6037d52149c4a975,197656,,,100.0,20.0,19.0,100.0,20.0,19.0,100.0000|20.0000|19.0000,3,,,,,
169,test2\97,97,user_confirmed_ocr_training,ocr_training,user_confirmed_ocr_parameter_screenshot,,test2\97\test1425.arw,b58e6867d4a6c87781130455ab526140,197458,,,100.0,20.0,30.0,100.0,20.0,30.0,100.0000|20.0000|30.0000,3,,,,,
170,test2\98,98,user_confirmed_ocr_training,ocr_training,user_confirmed_ocr_parameter_screenshot,,test2\98\test1429.arw,ca0f2386b4ad0e48c7f9ec415b01c31f,194320,,,100.0,20.0,30.0,100.0,20.0,30.0,100.0000|20.0000|30.0000,3,,,,,
171,test2\99,99,user_confirmed_ocr_training,ocr_training,user_confirmed_ocr_parameter_screenshot,,test2\99\test1433.arw,de03a8b34861b00678ccd7298095d56f,197887,,,100.0,20.0,30.0,100.0,20.0,30.0,100.0000|20.0000|30.0000,3,,,,,
172,test2\S2,S2,user_confirmed_ocr_training,ocr_training,user_confirmed_ocr_parameter_screenshot,,test2\S2\test1274.arw,fd74feba816b44c60caea928c6ab0908,196228,,,100.0,100.0,50.0,100.0,100.0,50.0,100.0000|100.0000|50.0000,2,,,,,
173,test2\S3,S3,user_confirmed_ocr_training,ocr_training,user_confirmed_ocr_parameter_screenshot,,test2\S3\test1282.arw,83530ac895721f9c7bbe176522860177,198506,,,100.0,100.0,50.0,100.0,100.0,50.0,100.0000|100.0000|50.0000,2,,,,,
