sample_dir,field,hash,crop_path
data\A1,start_min,41c78277cab99e20f54c1016dbcd4c28,outputs\debug\crop_start_min_000.png
data\A1,end_min,26fa258a431569b6d0e5caf973e833f2,outputs\debug\crop_end_min_001.png
data\A1,peak_width_sec,06d0cdafd954ff55f63245d8687679c8,outputs\debug\crop_peak_width_sec_002.png
data\A1,detection_threshold,f365f5892cfddd3f05d19116651d9338,outputs\debug\crop_detection_threshold_003.png
data\A1,minimum_area,25f040f945d997ca5130d39ef1bd127a,outputs\debug\crop_minimum_area_004.png
data\A1,minimum_height,c86097a7bd1be9952c82640b81728d3e,outputs\debug\crop_minimum_height_005.png
data\A10,start_min,9872f14deb23eb007e3f5fb54e3a8e08,outputs\debug\crop_start_min_006.png
data\A10,end_min,e8a7ab83eb0640d46821d5a8a0e0799b,outputs\debug\crop_end_min_007.png
data\A10,peak_width_sec,e227141a136529431e23791a08bed179,outputs\debug\crop_peak_width_sec_008.png
data\A10,detection_threshold,dfcd888a0c18c3f8660f69a88120dadf,outputs\debug\crop_detection_threshold_009.png
data\A10,minimum_area,bde6b6c5c301e01739e3ddce89d040bc,outputs\debug\crop_minimum_area_010.png
data\A10,minimum_height,596b2a4d1d52893aa4ea485829a3faa1,outputs\debug\crop_minimum_height_011.png
data\A11,start_min,b00d9548f1d292193300b8a499c7c4a5,outputs\debug\crop_start_min_012.png
data\A11,end_min,b55c446743ff96921ce917c3f071e12c,outputs\debug\crop_end_min_013.png
data\A11,peak_width_sec,f0a7dcf902082995a0051c2adf86735c,outputs\debug\crop_peak_width_sec_014.png
data\A11,detection_threshold,42c97ea6d70f7042e76d2447f6c5a841,outputs\debug\crop_detection_threshold_015.png
data\A11,minimum_area,f3a23a301f26a8240170c021f5e64e8d,outputs\debug\crop_minimum_area_016.png
data\A11,minimum_height,459d8a26e6abed03d4776bbe705b19f5,outputs\debug\crop_minimum_height_017.png
data\A12,start_min,1029978b4c4c5c139ad26a9056806f7e,outputs\debug\crop_start_min_018.png
data\A12,end_min,65d1ec76ff8db7887f43317ee2f88e13,outputs\debug\crop_end_min_019.png
data\A12,peak_width_sec,c26297f5f62c02250cbc5aa467d60920,outputs\debug\crop_peak_width_sec_020.png
data\A12,detection_threshold,853f28aed9052bcf93bd7fe0425cb3df,outputs\debug\crop_detection_threshold_021.png
data\A12,minimum_area,f3a23a301f26a8240170c021f5e64e8d,outputs\debug\crop_minimum_area_016.png
data\A12,minimum_height,93106dc208e7a0a52fc68fdca2c57d60,outputs\debug\crop_minimum_height_022.png
data\A13,start_min,a129eed06d8ed639bbc1a132e37171ec,outputs\debug\crop_start_min_023.png
data\A13,end_min,8033403e11af7657af0453af074e1664,outputs\debug\crop_end_min_024.png
data\A13,peak_width_sec,4bca6f81171359e2f4fef50c995bc726,outputs\debug\crop_peak_width_sec_025.png
data\A13,detection_threshold,75f3e9db7861688fcf8e6ed0df0c035e,outputs\debug\crop_detection_threshold_026.png
data\A13,minimum_area,49125abc766b36189a6539f1fb293337,outputs\debug\crop_minimum_area_027.png
data\A13,minimum_height,ad8c0eaa2a6644361f9425beab0d27fc,outputs\debug\crop_minimum_height_028.png
data\A15,start_min,173dbd5f14d8c69adcc4a0dafe34043e,outputs\debug\crop_start_min_029.png
data\A15,end_min,6741a12b8803789c344d20cd4b465f89,outputs\debug\crop_end_min_030.png
data\A15,peak_width_sec,ef4e775c6fc1b49b74302aad8231ea78,outputs\debug\crop_peak_width_sec_031.png
data\A15,detection_threshold,afd294dabacebc7b95324fd1d555ebd2,outputs\debug\crop_detection_threshold_032.png
data\A15,minimum_area,b2107d4f4814421001ecb800f3af2322,outputs\debug\crop_minimum_area_033.png
data\A15,minimum_height,7c4160f6de8f1168c12f54bfb02221e7,outputs\debug\crop_minimum_height_034.png
data\A16,start_min,7ccae6e8ebdbc8689c65c17f32949516,outputs\debug\crop_start_min_035.png
data\A16,end_min,ad96cadcb6d32ca99ef915834a30a8f8,outputs\debug\crop_end_min_036.png
data\A16,peak_width_sec,b9bb456197737172a5df1cd3651dcc81,outputs\debug\crop_peak_width_sec_037.png
data\A16,detection_threshold,afd34770ef50b6726c9f89f5a4d4eb76,outputs\debug\crop_detection_threshold_038.png
data\A16,minimum_area,0d42bb707b2849a0820de2adebb2eb9d,outputs\debug\crop_minimum_area_039.png
data\A16,minimum_height,3314cb0146f103d512b433031ac2c9cc,outputs\debug\crop_minimum_height_040.png
data\A17,start_min,3c9c170cc6fab3c9ea3a8c0f99267b2f,outputs\debug\crop_start_min_041.png
data\A17,end_min,c9d139a3c1f841e1696190824b40c0a3,outputs\debug\crop_end_min_042.png
data\A17,peak_width_sec,9af72e9ebe845fbbb89c932fc97b181a,outputs\debug\crop_peak_width_sec_043.png
data\A17,detection_threshold,9e865f370abc5256a8b6b36d64b7ac47,outputs\debug\crop_detection_threshold_044.png
data\A17,minimum_area,96ac670a4516b9be89c8c581a300fd0c,outputs\debug\crop_minimum_area_045.png
data\A17,minimum_height,2c6d5902a610c59e40901c373f3c0ab7,outputs\debug\crop_minimum_height_046.png
data\A18,start_min,7015c00b8f8c8f460a2b37062e847c8e,outputs\debug\crop_start_min_047.png
data\A18,end_min,5b2378e259153850d060ce216d2a3485,outputs\debug\crop_end_min_048.png
data\A18,peak_width_sec,875d13632358347292d27181f7512e4a,outputs\debug\crop_peak_width_sec_049.png
data\A18,detection_threshold,a07692a75efb5ee15e7d81013ff8b20b,outputs\debug\crop_detection_threshold_050.png
data\A18,minimum_area,ca0a3284a578077066babcdc56085830,outputs\debug\crop_minimum_area_051.png
data\A18,minimum_height,b07c1408bad7132cec0121f5c6e804e8,outputs\debug\crop_minimum_height_052.png
data\A19,start_min,050c58a2e3ea1f99f768507eef55344c,outputs\debug\crop_start_min_053.png
data\A19,end_min,8adbd4dd48816be2080992ecb1604a54,outputs\debug\crop_end_min_054.png
data\A19,peak_width_sec,a8ecaf391a593483365503f8e0c6155a,outputs\debug\crop_peak_width_sec_055.png
data\A19,detection_threshold,4588f684a3074cee2feb6f68eecc1bc5,outputs\debug\crop_detection_threshold_056.png
data\A19,minimum_area,f3a23a301f26a8240170c021f5e64e8d,outputs\debug\crop_minimum_area_016.png
data\A19,minimum_height,f1ae397c2442ced09eee990806b26f69,outputs\debug\crop_minimum_height_057.png
data\A2,start_min,a6162ea65b0baa2c7ef5d5e86c4472d3,outputs\debug\crop_start_min_058.png
data\A2,end_min,1fee2d9b10500024c19b020727b50184,outputs\debug\crop_end_min_059.png
data\A2,peak_width_sec,598a73b3956372adb8cc68b663c8f998,outputs\debug\crop_peak_width_sec_060.png
data\A2,detection_threshold,e4917b8b3f97050e0713863cdfd0517b,outputs\debug\crop_detection_threshold_061.png
data\A2,minimum_area,81425c3976b03c889582d7f558c99c68,outputs\debug\crop_minimum_area_062.png
data\A2,minimum_height,65f3f567648406e21869bd6aec0045d9,outputs\debug\crop_minimum_height_063.png
data\A20,start_min,ec6a271d85645605a4277a9d30e352b2,outputs\debug\crop_start_min_064.png
data\A20,end_min,2e20f6b7d93527d7222b495bd45a2d93,outputs\debug\crop_end_min_065.png
data\A20,peak_width_sec,eb3d7ff964341c113e552d2ad06402db,outputs\debug\crop_peak_width_sec_066.png
data\A20,detection_threshold,70dee5a14796cffabdc4664f564c6f70,outputs\debug\crop_detection_threshold_067.png
data\A20,minimum_area,96333a728bcb6a72856ce3f68eab5aa9,outputs\debug\crop_minimum_area_068.png
data\A20,minimum_height,8c667eda0f4ae3c34e1a76302b4903ad,outputs\debug\crop_minimum_height_069.png
data\A21,start_min,c05932e0a7f1f059f698ade12a47b96c,outputs\debug\crop_start_min_070.png
data\A21,end_min,40a7b3b8110cf1901b702880f28e9ec8,outputs\debug\crop_end_min_071.png
data\A21,peak_width_sec,403bd5b4abbd75caeba7b9c4de11de11,outputs\debug\crop_peak_width_sec_072.png
data\A21,detection_threshold,58399c80848afe221bfc73f2d7ccd782,outputs\debug\crop_detection_threshold_073.png
data\A21,minimum_area,f3a23a301f26a8240170c021f5e64e8d,outputs\debug\crop_minimum_area_016.png
data\A21,minimum_height,c19c1dc9d49ae7724b4df00eff63e6e2,outputs\debug\crop_minimum_height_074.png
data\A3,start_min,41c78277cab99e20f54c1016dbcd4c28,outputs\debug\crop_start_min_000.png
data\A3,end_min,26fa258a431569b6d0e5caf973e833f2,outputs\debug\crop_end_min_001.png
data\A3,peak_width_sec,06d0cdafd954ff55f63245d8687679c8,outputs\debug\crop_peak_width_sec_002.png
data\A3,detection_threshold,f365f5892cfddd3f05d19116651d9338,outputs\debug\crop_detection_threshold_003.png
data\A3,minimum_area,25f040f945d997ca5130d39ef1bd127a,outputs\debug\crop_minimum_area_004.png
data\A3,minimum_height,c86097a7bd1be9952c82640b81728d3e,outputs\debug\crop_minimum_height_005.png
data\A4,start_min,ef869a2bc75894762d57913a0fb32595,outputs\debug\crop_start_min_075.png
data\A4,end_min,ba25eb5418555b928810f685e853b85e,outputs\debug\crop_end_min_076.png
data\A4,peak_width_sec,023a633b4cc156a7a6785cf4c1e81ae1,outputs\debug\crop_peak_width_sec_077.png
data\A4,detection_threshold,9210a146bf0dae8428756a605ec32ea0,outputs\debug\crop_detection_threshold_078.png
data\A4,minimum_area,15571e28f73e8bf91bb08887fca268c7,outputs\debug\crop_minimum_area_079.png
data\A4,minimum_height,68450482e6c864c05d0bf44999172e04,outputs\debug\crop_minimum_height_080.png
data\A5,start_min,6b6db95205793a8d83632b4477d624c5,outputs\debug\crop_start_min_081.png
data\A5,end_min,258d7cfb1bb31a986d4b48d9e9fefefd,outputs\debug\crop_end_min_082.png
data\A5,peak_width_sec,bb14a5fbd5c375b0aadaee433ce0374e,outputs\debug\crop_peak_width_sec_083.png
data\A5,detection_threshold,afd294dabacebc7b95324fd1d555ebd2,outputs\debug\crop_detection_threshold_032.png
data\A5,minimum_area,b2107d4f4814421001ecb800f3af2322,outputs\debug\crop_minimum_area_033.png
data\A5,minimum_height,48d4ac1b43ba13ea3a56101b7ee1a3b4,outputs\debug\crop_minimum_height_084.png
data\A6,start_min,dc0581f349698c29e93fce79145cd66f,outputs\debug\crop_start_min_085.png
data\A6,end_min,6fcf703bd3a314ffda5a401e4b8ef68e,outputs\debug\crop_end_min_086.png
data\A6,peak_width_sec,1c5e041b73995222a901e2650d0d8400,outputs\debug\crop_peak_width_sec_087.png
data\A6,detection_threshold,b3af8ce3662cc525146ed72a0f3c6a43,outputs\debug\crop_detection_threshold_088.png
data\A6,minimum_area,be595c3c9f7d2b6b8cb5a58a57b5c338,outputs\debug\crop_minimum_area_089.png
data\A6,minimum_height,2493cf12937d3ff1532c64e06b980793,outputs\debug\crop_minimum_height_090.png
data\A7,start_min,a9cc48c0594c45eb8ef4da6ceb53e221,outputs\debug\crop_start_min_091.png
data\A7,end_min,93e42041f1212df2c60f96bd9b17a4e9,outputs\debug\crop_end_min_092.png
data\A7,peak_width_sec,4fcc2ee864b638a75f9d7f4b3980bf58,outputs\debug\crop_peak_width_sec_093.png
data\A7,detection_threshold,edcacd6b8396210f907be3d5b2ebf0a2,outputs\debug\crop_detection_threshold_094.png
data\A7,minimum_area,f3a23a301f26a8240170c021f5e64e8d,outputs\debug\crop_minimum_area_016.png
data\A7,minimum_height,f3a23a301f26a8240170c021f5e64e8d,outputs\debug\crop_minimum_height_095.png
data\A8,start_min,3a7b452132035f0e00cd29d61ea37a8b,outputs\debug\crop_start_min_096.png
data\A8,end_min,2ace62ae58f6ac60436ac4ebe8fb307b,outputs\debug\crop_end_min_097.png
data\A8,peak_width_sec,1331518ca850379cd575bb2cb281ab6d,outputs\debug\crop_peak_width_sec_098.png
data\A8,detection_threshold,2254a35e0b9b05641689233b942b6a07,outputs\debug\crop_detection_threshold_099.png
data\A8,minimum_area,f3a23a301f26a8240170c021f5e64e8d,outputs\debug\crop_minimum_area_016.png
data\A8,minimum_height,13d30024d5f31e4b38e9b77b3c07014b,outputs\debug\crop_minimum_height_100.png
data\A9,start_min,796b395ffea04ba271edae72a64615ce,outputs\debug\crop_start_min_101.png
data\A9,end_min,c43989a1408b7d856a60e5df23ba5a0d,outputs\debug\crop_end_min_102.png
data\A9,peak_width_sec,c9350b0f1882b0380b318db9ac57eb70,outputs\debug\crop_peak_width_sec_103.png
data\A9,detection_threshold,87b32dff94b2a7c053e01787c55398a9,outputs\debug\crop_detection_threshold_104.png
data\A9,minimum_area,f3a23a301f26a8240170c021f5e64e8d,outputs\debug\crop_minimum_area_016.png
data\A9,minimum_height,5f68a50a7e1a78d5c7043f5a2e97761f,outputs\debug\crop_minimum_height_105.png
data\B1,start_min,9cec42d356f37f8c29130f416416b9dd,outputs\debug\crop_start_min_106.png
data\B1,end_min,fab0630e304ca7efe1c164d6cd294129,outputs\debug\crop_end_min_107.png
data\B1,peak_width_sec,4d7d2e57d0bec9413af7c0c16f318c7a,outputs\debug\crop_peak_width_sec_108.png
data\B1,detection_threshold,6100d1b6611e583604f247ae23ad46f2,outputs\debug\crop_detection_threshold_109.png
data\B1,minimum_area,75908c6de8158b65ae1b7f202797c497,outputs\debug\crop_minimum_area_110.png
data\B1,minimum_height,44a1e853e37e379b4f32a175e4ede585,outputs\debug\crop_minimum_height_111.png
data\B10,start_min,6d036445e322f562c26f14758f284df9,outputs\debug\crop_start_min_112.png
data\B10,end_min,c2c77850f8ea6f3ff5c24be2a893bd7f,outputs\debug\crop_end_min_113.png
data\B10,peak_width_sec,f6d12d312b84b0095061a141341f4311,outputs\debug\crop_peak_width_sec_114.png
data\B10,detection_threshold,b84c14f52813f5fef242a42feb0f55d7,outputs\debug\crop_detection_threshold_115.png
data\B10,minimum_area,a355484b67c8e3deab1c750ef027130c,outputs\debug\crop_minimum_area_116.png
data\B10,minimum_height,333db3b3a91f83da4a418f58eda1f277,outputs\debug\crop_minimum_height_117.png
data\B11,start_min,c90d2ba4fb3902cdf3ca8052e14d8793,outputs\debug\crop_start_min_118.png
data\B11,end_min,47d9adf6ea39be0cea12eeb66a736bbd,outputs\debug\crop_end_min_119.png
data\B11,peak_width_sec,4901b6291789c6be972c23e8a4e2a4e2,outputs\debug\crop_peak_width_sec_120.png
data\B11,detection_threshold,e68ffb47b3002ee1b825ae195a9cb33f,outputs\debug\crop_detection_threshold_121.png
data\B11,minimum_area,f3a23a301f26a8240170c021f5e64e8d,outputs\debug\crop_minimum_area_016.png
data\B11,minimum_height,dbd320b245771cdbf6d6b26637e214c1,outputs\debug\crop_minimum_height_122.png
data\B12,start_min,ee7d76c770aad896487f60aa9873bfc3,outputs\debug\crop_start_min_123.png
data\B12,end_min,7e1daf02a10b89b5817848b4bd470c81,outputs\debug\crop_end_min_124.png
data\B12,peak_width_sec,5dfe1bdfb9d887b88b7b83707a5c208f,outputs\debug\crop_peak_width_sec_125.png
data\B12,detection_threshold,88be21b7604695d96bfa9cc98455fed1,outputs\debug\crop_detection_threshold_126.png
data\B12,minimum_area,f3a23a301f26a8240170c021f5e64e8d,outputs\debug\crop_minimum_area_016.png
data\B12,minimum_height,af93d2ad66c08c845133aed513ab0b4f,outputs\debug\crop_minimum_height_127.png
data\B13,start_min,c2086c44a5de3b1fea313ed6485ad553,outputs\debug\crop_start_min_128.png
data\B13,end_min,ffde383cdbca3440294c972bcffcf21c,outputs\debug\crop_end_min_129.png
data\B13,peak_width_sec,e2854523b00fcdcbab7804e7dbe9bb1b,outputs\debug\crop_peak_width_sec_130.png
data\B13,detection_threshold,f0558c38ef54612eb69084fd79e182b1,outputs\debug\crop_detection_threshold_131.png
data\B13,minimum_area,73a8c0e4d2aa57c0605b40921f577fbf,outputs\debug\crop_minimum_area_132.png
data\B13,minimum_height,8120df122c996eb4ac68598304a0d61c,outputs\debug\crop_minimum_height_133.png
data\B14,start_min,b09812eba5ab0eda9bfae50be5c1a530,outputs\debug\crop_start_min_134.png
data\B14,end_min,33ad9cb38bd29cace2bb7c9658507514,outputs\debug\crop_end_min_135.png
data\B14,peak_width_sec,e9c0da9cf803d8ecaf10fe293f02bd37,outputs\debug\crop_peak_width_sec_136.png
data\B14,detection_threshold,ea5515baa8e1895990ceb7b8ca3a767c,outputs\debug\crop_detection_threshold_137.png
data\B14,minimum_area,2cdbbe624a459eb48a2d741f21fc8bea,outputs\debug\crop_minimum_area_138.png
data\B14,minimum_height,117e4bdae87a26aaced3b7d97327962a,outputs\debug\crop_minimum_height_139.png
data\B15,start_min,b9e65023a1017834c2e8d6e8622321aa,outputs\debug\crop_start_min_140.png
data\B15,end_min,0aedff3d6515e58370b8d25bfc74d2c7,outputs\debug\crop_end_min_141.png
data\B15,peak_width_sec,11e3cbf24fb84529c8cfbf13ad670914,outputs\debug\crop_peak_width_sec_142.png
data\B15,detection_threshold,8310ec6a9b6ef81bcd9917d7868a67b7,outputs\debug\crop_detection_threshold_143.png
data\B15,minimum_area,dd06f742556343de1a4ec8a50d0afb22,outputs\debug\crop_minimum_area_144.png
data\B15,minimum_height,5c98dc3abb2d7c7bf7effd9e846e14bd,outputs\debug\crop_minimum_height_145.png
data\B2,start_min,7b22a070c3a4becc81466db82049b3d4,outputs\debug\crop_start_min_146.png
data\B2,end_min,4a103298c87b2b49ea78f3f92f75c85a,outputs\debug\crop_end_min_147.png
data\B2,peak_width_sec,b628b11fc4c6cdbf34bbe35d7e8a4079,outputs\debug\crop_peak_width_sec_148.png
data\B2,detection_threshold,45ca6c0ef84dd41fa0086ca3d43afb03,outputs\debug\crop_detection_threshold_149.png
data\B2,minimum_area,5cfd41246072370deb3e4e09b2b801e5,outputs\debug\crop_minimum_area_150.png
data\B2,minimum_height,e4d5ab191a84c2b3051c9fd0add2e994,outputs\debug\crop_minimum_height_151.png
data\B3,start_min,b305875c290b7a1e2b866106661c934d,outputs\debug\crop_start_min_152.png
data\B3,end_min,ad12a278b60487455acf3f5c9b9bbb9e,outputs\debug\crop_end_min_153.png
data\B3,peak_width_sec,5fa1a13f61dee1b0093958fc6b45fd40,outputs\debug\crop_peak_width_sec_154.png
data\B3,detection_threshold,032fdfee91ec8c4f6c2aacc2c4610d44,outputs\debug\crop_detection_threshold_155.png
data\B3,minimum_area,6c744b2dce856d499022d7b96e3566b0,outputs\debug\crop_minimum_area_156.png
data\B3,minimum_height,521a5680f8d8e41e64058228ba9a4e0e,outputs\debug\crop_minimum_height_157.png
data\B4,start_min,a7c7b97b61c57b4b77bd7d137f883ec2,outputs\debug\crop_start_min_158.png
data\B4,end_min,f211d67ac4cbe6d3a82fa8328c187b1e,outputs\debug\crop_end_min_159.png
data\B4,peak_width_sec,5f6a08fa0ffd46506905e8216295f739,outputs\debug\crop_peak_width_sec_160.png
data\B4,detection_threshold,740084a8ae9e59ca2f8dcab493f295ef,outputs\debug\crop_detection_threshold_161.png
data\B4,minimum_area,998f2899878c8cad5129d3b03e803b5b,outputs\debug\crop_minimum_area_162.png
data\B4,minimum_height,a713e9c408f7f7c2e3ddc2dff13e2d40,outputs\debug\crop_minimum_height_163.png
data\B5,start_min,a1ffe3adbbb2a276d71fa44cd92708fc,outputs\debug\crop_start_min_164.png
data\B5,end_min,6ba5847d931a6b2a5eb0050575cbf7d2,outputs\debug\crop_end_min_165.png
data\B5,peak_width_sec,79f313892390bf9e046370d2b5d3a51a,outputs\debug\crop_peak_width_sec_166.png
data\B5,detection_threshold,49798591dbb5bfce3f244d49d8f9d93c,outputs\debug\crop_detection_threshold_167.png
data\B5,minimum_area,928917635d1f26b1be3b836b7356cbd1,outputs\debug\crop_minimum_area_168.png
data\B5,minimum_height,e3cc5d95845b5dea8bbf742e1a0e92ce,outputs\debug\crop_minimum_height_169.png
data\B6,start_min,ab084de60fe6d32f6a1e171ff46a5e60,outputs\debug\crop_start_min_170.png
data\B6,end_min,43164dce2b26ab5796337fdf0632ff93,outputs\debug\crop_end_min_171.png
data\B6,peak_width_sec,7c9f31cb388d9f94ac6c3d3a1cbcb4bb,outputs\debug\crop_peak_width_sec_172.png
data\B6,detection_threshold,c7d7fa0eddc19fabaabdf779af2c8b99,outputs\debug\crop_detection_threshold_173.png
data\B6,minimum_area,d296a237b21e89ffb952b66e8a4a2aeb,outputs\debug\crop_minimum_area_174.png
data\B6,minimum_height,15f5457f68d4096265cc6d0c5832bad0,outputs\debug\crop_minimum_height_175.png
data\B7,start_min,7bc6c3cae5e54dcde1c368065000973b,outputs\debug\crop_start_min_176.png
data\B7,end_min,7ed3ac8237c3d3f7594dd8643ae0c5e5,outputs\debug\crop_end_min_177.png
data\B7,peak_width_sec,0a11ee2296eaf9a6e4ae6c9585ebf59b,outputs\debug\crop_peak_width_sec_178.png
data\B7,detection_threshold,3e0c17afdc6ba03b177e9a7f3d943bd4,outputs\debug\crop_detection_threshold_179.png
data\B7,minimum_area,0de0cdf453677f68000c8c66f07388ff,outputs\debug\crop_minimum_area_180.png
data\B7,minimum_height,c3f0ecf86818cf6dfb2515af6629a519,outputs\debug\crop_minimum_height_181.png
data\B8,start_min,7bcb0f2290592332d1bceedd4193c22f,outputs\debug\crop_start_min_182.png
data\B8,end_min,f52893be4a9fecdc75f849ed048bae2a,outputs\debug\crop_end_min_183.png
data\B8,peak_width_sec,dbd9552232eb5f0d741090191b257c01,outputs\debug\crop_peak_width_sec_184.png
data\B8,detection_threshold,8ab24114311ee2a8098227319af80859,outputs\debug\crop_detection_threshold_185.png
data\B8,minimum_area,eff2e5d38b0e337c927c1728be07e826,outputs\debug\crop_minimum_area_186.png
data\B8,minimum_height,6930b7e8f55c9390418f2bda246a7dad,outputs\debug\crop_minimum_height_187.png
data\B9,start_min,4fc8e7922f15918af51c0ca9a4e81b2f,outputs\debug\crop_start_min_188.png
data\B9,end_min,6267d1a4a5efc0b710c96237ae875383,outputs\debug\crop_end_min_189.png
data\B9,peak_width_sec,b0d2ebf6081a6eae264a19c80e33a09f,outputs\debug\crop_peak_width_sec_190.png
data\B9,detection_threshold,a049a700a2ae7248f0f4ac97c28b9b19,outputs\debug\crop_detection_threshold_191.png
data\B9,minimum_area,c77b807ee864edbb9abf498755c98033,outputs\debug\crop_minimum_area_192.png
data\B9,minimum_height,0c13480e4dd6fc4fd0f322f1bce7f553,outputs\debug\crop_minimum_height_193.png
data\BC1,start_min,ece61de7a2dc06af42c3dfc3ad0db876,outputs\debug\crop_start_min_194.png
data\BC1,end_min,b5afccc0917cdd93891c381667a9df63,outputs\debug\crop_end_min_195.png
data\BC1,peak_width_sec,186084a73c243f998cd5571e906e79ee,outputs\debug\crop_peak_width_sec_196.png
data\BC1,detection_threshold,43bed9c1bfcc19fb47b716e1c2fdead1,outputs\debug\crop_detection_threshold_197.png
data\BC1,minimum_area,c4d65e79ebbb23c7726dc9bab0bc6eae,outputs\debug\crop_minimum_area_198.png
data\BC1,minimum_height,6971c8d7e68081c3dbc962ae0b347668,outputs\debug\crop_minimum_height_199.png
data\BC10,start_min,853e1dbe8d84c94dc32e3502a0fabe62,outputs\debug\crop_start_min_200.png
data\BC10,end_min,3b8ce3da3403184985920179517c0475,outputs\debug\crop_end_min_201.png
data\BC10,peak_width_sec,f246aaa9e3eea52cbb45ac78d09b5618,outputs\debug\crop_peak_width_sec_202.png
data\BC10,detection_threshold,943caed96c1cd47091d3d3cf25d1bcc7,outputs\debug\crop_detection_threshold_203.png
data\BC10,minimum_area,bde6b6c5c301e01739e3ddce89d040bc,outputs\debug\crop_minimum_area_010.png
data\BC10,minimum_height,9a6af4928c21d6ca33a6a0401958f1ea,outputs\debug\crop_minimum_height_204.png
data\BC11,start_min,8f111c83623341689ca22ff01917f21f,outputs\debug\crop_start_min_205.png
data\BC11,end_min,8165e9aa639324057d50b290c4f62bc5,outputs\debug\crop_end_min_206.png
data\BC11,peak_width_sec,73b6c01b0f2536b0f2ee7922398912a6,outputs\debug\crop_peak_width_sec_207.png
data\BC11,detection_threshold,140a56b2f0798915181319b30c2c1061,outputs\debug\crop_detection_threshold_208.png
data\BC11,minimum_area,a05fe7e6501bf56c4d1306d337ef4657,outputs\debug\crop_minimum_area_209.png
data\BC11,minimum_height,85245a03024316d4ce0a46154e0d52b0,outputs\debug\crop_minimum_height_210.png
data\BC2,start_min,17d03ff42829f51661c9ea2a3725fddb,outputs\debug\crop_start_min_211.png
data\BC2,end_min,0923fe0ef32519fbd2f7e41ac22d660b,outputs\debug\crop_end_min_212.png
data\BC2,peak_width_sec,8ba154ead1e331f2f1b6b14a466b5067,outputs\debug\crop_peak_width_sec_213.png
data\BC2,detection_threshold,2283a903a577da72ba15824729e8e802,outputs\debug\crop_detection_threshold_214.png
data\BC2,minimum_area,fc7503ea21f67cb4a31fa75eda380ac1,outputs\debug\crop_minimum_area_215.png
data\BC2,minimum_height,d50375eb815da02ea009a9e411689998,outputs\debug\crop_minimum_height_216.png
data\BC3,start_min,903d9ce4ca94f6cd9242efb2c1649563,outputs\debug\crop_start_min_217.png
data\BC3,end_min,2709cc70230993804bc3ce30e6c45e7a,outputs\debug\crop_end_min_218.png
data\BC3,peak_width_sec,3186d9dc435601f0e8532f9fe2f4e16b,outputs\debug\crop_peak_width_sec_219.png
data\BC3,detection_threshold,cd897f1e0be3c46cb2330d5727942064,outputs\debug\crop_detection_threshold_220.png
data\BC3,minimum_area,e0412f900c4e22dcf8c690eafb33dd0e,outputs\debug\crop_minimum_area_221.png
data\BC3,minimum_height,62560545dc7bf4689d9b959200b969e4,outputs\debug\crop_minimum_height_222.png
data\BC4,start_min,e8fb4545bc849f200d99c77bba80d66c,outputs\debug\crop_start_min_223.png
data\BC4,end_min,58fc3a7607d59329c474961ba3683e63,outputs\debug\crop_end_min_224.png
data\BC4,peak_width_sec,bf86c6dbf3605897dbfb4ead2da0b3fe,outputs\debug\crop_peak_width_sec_225.png
data\BC4,detection_threshold,9812a53bd3c662b6d4c574a1755bcd88,outputs\debug\crop_detection_threshold_226.png
data\BC4,minimum_area,25e025ddcc8ba4a3967b90d194245a03,outputs\debug\crop_minimum_area_227.png
data\BC4,minimum_height,a764c0116b00afb45af9fb4fd94c9852,outputs\debug\crop_minimum_height_228.png
data\BC5,start_min,903d9ce4ca94f6cd9242efb2c1649563,outputs\debug\crop_start_min_217.png
data\BC5,end_min,2709cc70230993804bc3ce30e6c45e7a,outputs\debug\crop_end_min_218.png
data\BC5,peak_width_sec,3186d9dc435601f0e8532f9fe2f4e16b,outputs\debug\crop_peak_width_sec_219.png
data\BC5,detection_threshold,cd897f1e0be3c46cb2330d5727942064,outputs\debug\crop_detection_threshold_220.png
data\BC5,minimum_area,e0412f900c4e22dcf8c690eafb33dd0e,outputs\debug\crop_minimum_area_221.png
data\BC5,minimum_height,62560545dc7bf4689d9b959200b969e4,outputs\debug\crop_minimum_height_222.png
data\BC6,start_min,024fbfb8321fc07e748327c73c869daa,outputs\debug\crop_start_min_229.png
data\BC6,end_min,978b0c61630ce583e888915d213d5b1b,outputs\debug\crop_end_min_230.png
data\BC6,peak_width_sec,c6f2bbe1b4d097d2728d2129e7adbd9a,outputs\debug\crop_peak_width_sec_231.png
data\BC6,detection_threshold,5e46fbe4cfb97c18460240986ccb48a5,outputs\debug\crop_detection_threshold_232.png
data\BC6,minimum_area,f3a23a301f26a8240170c021f5e64e8d,outputs\debug\crop_minimum_area_016.png
data\BC6,minimum_height,b28d668ab233a4c2ee6fe079e919bb01,outputs\debug\crop_minimum_height_233.png
data\BC7,start_min,d88d2f2cc88a36baea07a5d91c03220c,outputs\debug\crop_start_min_234.png
data\BC7,end_min,28bd7c3686cb009be8a61e16318abcb7,outputs\debug\crop_end_min_235.png
data\BC7,peak_width_sec,403bd5b4abbd75caeba7b9c4de11de11,outputs\debug\crop_peak_width_sec_072.png
data\BC7,detection_threshold,4d5846c87676644d56be2884541a05e7,outputs\debug\crop_detection_threshold_236.png
data\BC7,minimum_area,f3a23a301f26a8240170c021f5e64e8d,outputs\debug\crop_minimum_area_016.png
data\BC7,minimum_height,8b98b0790d817ae50afbbb8c0d19dd43,outputs\debug\crop_minimum_height_237.png
data\BC8,start_min,4787b601ce22ed5d140594fe58eb2a2c,outputs\debug\crop_start_min_238.png
data\BC8,end_min,f223ec5e7f51659b07b51f1eef625cc7,outputs\debug\crop_end_min_239.png
data\BC8,peak_width_sec,c6f2bbe1b4d097d2728d2129e7adbd9a,outputs\debug\crop_peak_width_sec_231.png
data\BC8,detection_threshold,155ab225a876837653fc2e1f42fea0c3,outputs\debug\crop_detection_threshold_240.png
data\BC8,minimum_area,f3a23a301f26a8240170c021f5e64e8d,outputs\debug\crop_minimum_area_016.png
data\BC8,minimum_height,8af80bea411a3b4369f704261f6a5bd6,outputs\debug\crop_minimum_height_241.png
data\BC9,start_min,0fc0769861577821a462b816a79e1618,outputs\debug\crop_start_min_242.png
data\BC9,end_min,e65161a4544c8a5201f823b1f366ad68,outputs\debug\crop_end_min_243.png
data\BC9,peak_width_sec,bb848d8fb2d4d72be745f0c2349ddef0,outputs\debug\crop_peak_width_sec_244.png
data\BC9,detection_threshold,3e08173bfb1632505b45e105431e5495,outputs\debug\crop_detection_threshold_245.png
data\BC9,minimum_area,ea56e39a33961bd5d9253d0cb913bd23,outputs\debug\crop_minimum_area_246.png
data\BC9,minimum_height,9c782831bb483386d20fd3859ebac9a8,outputs\debug\crop_minimum_height_247.png
data\BE1,start_min,218b83d5c699027c17b974ba167f38ee,outputs\debug\crop_start_min_248.png
data\BE1,end_min,d03c24b187bc00e5b9cfac82ec331ccb,outputs\debug\crop_end_min_249.png
data\BE1,peak_width_sec,b3f3e9955f280e295470eca49d4c1051,outputs\debug\crop_peak_width_sec_250.png
data\BE1,detection_threshold,7b699806fffcd8470f840492c7bf8a62,outputs\debug\crop_detection_threshold_251.png
data\BE1,minimum_area,a54aa97ca880b1961ad399a1aeafd4be,outputs\debug\crop_minimum_area_252.png
data\BE1,minimum_height,12326567b288fe33b53b142e42be69e1,outputs\debug\crop_minimum_height_253.png
extra\38,start_min,8d9a94726ca223e7f1468499d6634dea,outputs\debug\crop_start_min_254.png
extra\38,end_min,755c0c300ffa21eb122b564d7b5d6714,outputs\debug\crop_end_min_255.png
extra\38,peak_width_sec,863fb9e742a380def85b044dc0bb4e92,outputs\debug\crop_peak_width_sec_256.png
extra\38,detection_threshold,594c0e8d5c43bc4c57e43b2239dbf81f,outputs\debug\crop_detection_threshold_257.png
extra\38,minimum_area,2349bdbc15c5f894a0f9f74225d43241,outputs\debug\crop_minimum_area_258.png
extra\38,minimum_height,15df37daa481c80e036d745f10ddb604,outputs\debug\crop_minimum_height_259.png
extra\39,start_min,a6162ea65b0baa2c7ef5d5e86c4472d3,outputs\debug\crop_start_min_058.png
extra\39,end_min,1fee2d9b10500024c19b020727b50184,outputs\debug\crop_end_min_059.png
extra\39,peak_width_sec,598a73b3956372adb8cc68b663c8f998,outputs\debug\crop_peak_width_sec_060.png
extra\39,detection_threshold,e4917b8b3f97050e0713863cdfd0517b,outputs\debug\crop_detection_threshold_061.png
extra\39,minimum_area,81425c3976b03c889582d7f558c99c68,outputs\debug\crop_minimum_area_062.png
extra\39,minimum_height,65f3f567648406e21869bd6aec0045d9,outputs\debug\crop_minimum_height_063.png
extra\40,start_min,6b6db95205793a8d83632b4477d624c5,outputs\debug\crop_start_min_081.png
extra\40,end_min,258d7cfb1bb31a986d4b48d9e9fefefd,outputs\debug\crop_end_min_082.png
extra\40,peak_width_sec,bb14a5fbd5c375b0aadaee433ce0374e,outputs\debug\crop_peak_width_sec_083.png
extra\40,detection_threshold,afd294dabacebc7b95324fd1d555ebd2,outputs\debug\crop_detection_threshold_032.png
extra\40,minimum_area,b2107d4f4814421001ecb800f3af2322,outputs\debug\crop_minimum_area_033.png
extra\40,minimum_height,48d4ac1b43ba13ea3a56101b7ee1a3b4,outputs\debug\crop_minimum_height_084.png
extra\41,start_min,d3bb0d349d72f3192258394818546f70,outputs\debug\crop_start_min_260.png
extra\41,end_min,d191d1a50c9f34364af38f367261fddc,outputs\debug\crop_end_min_261.png
extra\41,peak_width_sec,666b10a097ebfd40fda27bd0259677fd,outputs\debug\crop_peak_width_sec_262.png
extra\41,detection_threshold,3c96af2bafd309ff604f070695164644,outputs\debug\crop_detection_threshold_263.png
extra\41,minimum_area,0fe768714a6933f87bb8f4f79b66b7b9,outputs\debug\crop_minimum_area_264.png
extra\41,minimum_height,15d029b142ccc978732708f3fe1526c4,outputs\debug\crop_minimum_height_265.png
extra\42,start_min,41c78277cab99e20f54c1016dbcd4c28,outputs\debug\crop_start_min_000.png
extra\42,end_min,26fa258a431569b6d0e5caf973e833f2,outputs\debug\crop_end_min_001.png
extra\42,peak_width_sec,06d0cdafd954ff55f63245d8687679c8,outputs\debug\crop_peak_width_sec_002.png
extra\42,detection_threshold,f365f5892cfddd3f05d19116651d9338,outputs\debug\crop_detection_threshold_003.png
extra\42,minimum_area,25f040f945d997ca5130d39ef1bd127a,outputs\debug\crop_minimum_area_004.png
extra\42,minimum_height,c86097a7bd1be9952c82640b81728d3e,outputs\debug\crop_minimum_height_005.png
extra\44,start_min,3d880546afb165c5e72428f89bd01a3f,outputs\debug\crop_start_min_266.png
extra\44,end_min,3ed2917d22fe47dc3e9dc73c10f72d24,outputs\debug\crop_end_min_267.png
extra\44,peak_width_sec,1dac80916ee335f144e52fee337d5136,outputs\debug\crop_peak_width_sec_268.png
extra\44,detection_threshold,a1131081eb5e6a906f44155ba3200ea8,outputs\debug\crop_detection_threshold_269.png
extra\44,minimum_area,b63c074cdcb43b7e51a087a210b8bfac,outputs\debug\crop_minimum_area_270.png
extra\44,minimum_height,2700490923841a428f57441ba007db6d,outputs\debug\crop_minimum_height_271.png
extra\45,start_min,218b83d5c699027c17b974ba167f38ee,outputs\debug\crop_start_min_248.png
extra\45,end_min,d03c24b187bc00e5b9cfac82ec331ccb,outputs\debug\crop_end_min_249.png
extra\45,peak_width_sec,b3f3e9955f280e295470eca49d4c1051,outputs\debug\crop_peak_width_sec_250.png
extra\45,detection_threshold,7b699806fffcd8470f840492c7bf8a62,outputs\debug\crop_detection_threshold_251.png
extra\45,minimum_area,a54aa97ca880b1961ad399a1aeafd4be,outputs\debug\crop_minimum_area_252.png
extra\45,minimum_height,12326567b288fe33b53b142e42be69e1,outputs\debug\crop_minimum_height_253.png
extra\46,start_min,fc867b0f9ce5a93e4197ab01a9043247,outputs\debug\crop_start_min_272.png
extra\46,end_min,aafd7c79dae83b9f392e2f2f76178a92,outputs\debug\crop_end_min_273.png
extra\46,peak_width_sec,5aee5bb57af03a55a840d30f5ed67e04,outputs\debug\crop_peak_width_sec_274.png
extra\46,detection_threshold,ebc05f4e2766b52eebaa6763d4060b2e,outputs\debug\crop_detection_threshold_275.png
extra\46,minimum_area,96333a728bcb6a72856ce3f68eab5aa9,outputs\debug\crop_minimum_area_068.png
extra\46,minimum_height,3a6896ccfe29f3d68f0680067d58ca46,outputs\debug\crop_minimum_height_276.png
extra\47,start_min,7b22a070c3a4becc81466db82049b3d4,outputs\debug\crop_start_min_146.png
extra\47,end_min,4a103298c87b2b49ea78f3f92f75c85a,outputs\debug\crop_end_min_147.png
extra\47,peak_width_sec,b628b11fc4c6cdbf34bbe35d7e8a4079,outputs\debug\crop_peak_width_sec_148.png
extra\47,detection_threshold,45ca6c0ef84dd41fa0086ca3d43afb03,outputs\debug\crop_detection_threshold_149.png
extra\47,minimum_area,5cfd41246072370deb3e4e09b2b801e5,outputs\debug\crop_minimum_area_150.png
extra\47,minimum_height,e4d5ab191a84c2b3051c9fd0add2e994,outputs\debug\crop_minimum_height_151.png
extra\48,start_min,8ee1f4c0738b6ffb29fdfe6e8bbd8cce,outputs\debug\crop_start_min_277.png
extra\48,end_min,b61ddd10afb2e01465358dab52789e08,outputs\debug\crop_end_min_278.png
extra\48,peak_width_sec,7362f38cb60ecb775cebf32195676df1,outputs\debug\crop_peak_width_sec_279.png
extra\48,detection_threshold,38048e635047b63a43f234441d87f31d,outputs\debug\crop_detection_threshold_280.png
extra\48,minimum_area,6a44ab4885d83cc2d07e6f3175dda86c,outputs\debug\crop_minimum_area_281.png
extra\48,minimum_height,28f9c7f8e818835ffb0fe74516653f8f,outputs\debug\crop_minimum_height_282.png
extra\49,start_min,a7c7b97b61c57b4b77bd7d137f883ec2,outputs\debug\crop_start_min_158.png
extra\49,end_min,f211d67ac4cbe6d3a82fa8328c187b1e,outputs\debug\crop_end_min_159.png
extra\49,peak_width_sec,5f6a08fa0ffd46506905e8216295f739,outputs\debug\crop_peak_width_sec_160.png
extra\49,detection_threshold,740084a8ae9e59ca2f8dcab493f295ef,outputs\debug\crop_detection_threshold_161.png
extra\49,minimum_area,998f2899878c8cad5129d3b03e803b5b,outputs\debug\crop_minimum_area_162.png
extra\49,minimum_height,a713e9c408f7f7c2e3ddc2dff13e2d40,outputs\debug\crop_minimum_height_163.png
extra\50,start_min,a1ffe3adbbb2a276d71fa44cd92708fc,outputs\debug\crop_start_min_164.png
extra\50,end_min,6ba5847d931a6b2a5eb0050575cbf7d2,outputs\debug\crop_end_min_165.png
extra\50,peak_width_sec,79f313892390bf9e046370d2b5d3a51a,outputs\debug\crop_peak_width_sec_166.png
extra\50,detection_threshold,49798591dbb5bfce3f244d49d8f9d93c,outputs\debug\crop_detection_threshold_167.png
extra\50,minimum_area,928917635d1f26b1be3b836b7356cbd1,outputs\debug\crop_minimum_area_168.png
extra\50,minimum_height,e3cc5d95845b5dea8bbf742e1a0e92ce,outputs\debug\crop_minimum_height_169.png
extra\51,start_min,b3942b3ef619d2e64aca9ffbe6cc3aed,outputs\debug\crop_start_min_283.png
extra\51,end_min,7f89e5386d635c4d5cfe5c290b88b215,outputs\debug\crop_end_min_284.png
extra\51,peak_width_sec,137b86ecb575843bb5ba7d9b5e731b98,outputs\debug\crop_peak_width_sec_285.png
extra\51,detection_threshold,29d24fb555ac8e36a335f114e42ea223,outputs\debug\crop_detection_threshold_286.png
extra\51,minimum_area,6d86135dccbe9b5fe6fa8fb30cc8664b,outputs\debug\crop_minimum_area_287.png
extra\51,minimum_height,8c7c31e7ebb7ca00f46454f5c2271c44,outputs\debug\crop_minimum_height_288.png
extra\52,start_min,6510587d6cf231774f501252e52190e8,outputs\debug\crop_start_min_289.png
extra\52,end_min,ed108326567d1f519d5d6d0634ebe32d,outputs\debug\crop_end_min_290.png
extra\52,peak_width_sec,8ee32fc7d35453ce1ac58c4ef47cb054,outputs\debug\crop_peak_width_sec_291.png
extra\52,detection_threshold,f7c941021fed863b4f4c97e4b5c3ae47,outputs\debug\crop_detection_threshold_292.png
extra\52,minimum_area,5ee538be35173921d1e9dbcd1f370cd8,outputs\debug\crop_minimum_area_293.png
extra\52,minimum_height,2f43f484cc39746627b7213f21c8eccf,outputs\debug\crop_minimum_height_294.png
extra\53,start_min,d3bb0d349d72f3192258394818546f70,outputs\debug\crop_start_min_260.png
extra\53,end_min,d191d1a50c9f34364af38f367261fddc,outputs\debug\crop_end_min_261.png
extra\53,peak_width_sec,361525d37bd56e1ef19837e048d95f91,outputs\debug\crop_peak_width_sec_295.png
extra\53,detection_threshold,3c96af2bafd309ff604f070695164644,outputs\debug\crop_detection_threshold_263.png
extra\53,minimum_area,0fe768714a6933f87bb8f4f79b66b7b9,outputs\debug\crop_minimum_area_264.png
extra\53,minimum_height,15d029b142ccc978732708f3fe1526c4,outputs\debug\crop_minimum_height_265.png
extra\59,start_min,e0b45553e039fe3eb0a3a78745674974,outputs\debug\crop_start_min_296.png
extra\59,end_min,e131f14f6d121ac437bf84c65b9e7875,outputs\debug\crop_end_min_297.png
extra\59,peak_width_sec,0ef1925981e7e469032608ac02321061,outputs\debug\crop_peak_width_sec_298.png
extra\59,detection_threshold,96c346cdff0cd54eec9a56aec1734b15,outputs\debug\crop_detection_threshold_299.png
extra\59,minimum_area,89e7e84b3ce9e64d45de21f39e89b584,outputs\debug\crop_minimum_area_300.png
extra\59,minimum_height,1e138b42aac845f1df7b173d34e9205c,outputs\debug\crop_minimum_height_301.png
extra\60,start_min,2dcd1d63db17f6475866e3a30fba99a6,outputs\debug\crop_start_min_302.png
extra\60,end_min,51b3443f0342ff83cdaa63690ce9b769,outputs\debug\crop_end_min_303.png
extra\60,peak_width_sec,674c49f95b8ee2e6d1160cdbc458322b,outputs\debug\crop_peak_width_sec_304.png
extra\60,detection_threshold,86e4ab4d63c190084aa7aed5c603b844,outputs\debug\crop_detection_threshold_305.png
extra\60,minimum_area,058430fe250ed2b64d71c2f591127a83,outputs\debug\crop_minimum_area_306.png
extra\60,minimum_height,d1b035dd73e9416b24eb22df1fce6940,outputs\debug\crop_minimum_height_307.png
extra\62,start_min,63f45daa66a518404229e55f2fe8ba6a,outputs\debug\crop_start_min_308.png
extra\62,end_min,9808388e41449cea5bdd822e48dd4de2,outputs\debug\crop_end_min_309.png
extra\62,peak_width_sec,968f56387d356c3f4d8718cf1be7d331,outputs\debug\crop_peak_width_sec_310.png
extra\62,detection_threshold,34956b9ac357c7568999140b7353e982,outputs\debug\crop_detection_threshold_311.png
extra\62,minimum_area,96ac670a4516b9be89c8c581a300fd0c,outputs\debug\crop_minimum_area_045.png
extra\62,minimum_height,9f99f00ba1cbec32f5523f9a9b7c2f2a,outputs\debug\crop_minimum_height_312.png
extra\63,start_min,cf06b4e8dfb2f0467efaa6d52d853e02,outputs\debug\crop_start_min_313.png
extra\63,end_min,8495b9a5a425d08cdc41fb9a69219b63,outputs\debug\crop_end_min_314.png
extra\63,peak_width_sec,76300ca5501c4652462bf768e4c266f0,outputs\debug\crop_peak_width_sec_315.png
extra\63,detection_threshold,ba7ff73470646be8f6df5c568888cd49,outputs\debug\crop_detection_threshold_316.png
extra\63,minimum_area,d296a237b21e89ffb952b66e8a4a2aeb,outputs\debug\crop_minimum_area_174.png
extra\63,minimum_height,7ef472da1388b51b10aa95a3416a3f0e,outputs\debug\crop_minimum_height_317.png
extra\64,start_min,21dab261990cff3e04a3aaa91fa3ed99,outputs\debug\crop_start_min_318.png
extra\64,end_min,8d7898b1a48862e4951e6695e7d221bb,outputs\debug\crop_end_min_319.png
extra\64,peak_width_sec,71e81565914652338fbdbca4f1d1dcbc,outputs\debug\crop_peak_width_sec_320.png
extra\64,detection_threshold,db0b86075fef55b6987c819f5445f18f,outputs\debug\crop_detection_threshold_321.png
extra\64,minimum_area,d1c96462a76223165f3f2a18cf833446,outputs\debug\crop_minimum_area_322.png
extra\64,minimum_height,f583c8bb554aec13de619856897ebd4a,outputs\debug\crop_minimum_height_323.png
extra\65,start_min,2acdf543ee62aa429a777653c87e9898,outputs\debug\crop_start_min_324.png
extra\65,end_min,7b8b4978e705353e72118897a81c014b,outputs\debug\crop_end_min_325.png
extra\65,peak_width_sec,d3b6627840019239b2b1a116fba73365,outputs\debug\crop_peak_width_sec_326.png
extra\65,detection_threshold,b84c14f52813f5fef242a42feb0f55d7,outputs\debug\crop_detection_threshold_115.png
extra\65,minimum_area,a355484b67c8e3deab1c750ef027130c,outputs\debug\crop_minimum_area_116.png
extra\65,minimum_height,37ba17b250fde5ae40cde57c883493e5,outputs\debug\crop_minimum_height_327.png
extra\66,start_min,ef869a2bc75894762d57913a0fb32595,outputs\debug\crop_start_min_075.png
extra\66,end_min,ba25eb5418555b928810f685e853b85e,outputs\debug\crop_end_min_076.png
extra\66,peak_width_sec,023a633b4cc156a7a6785cf4c1e81ae1,outputs\debug\crop_peak_width_sec_077.png
extra\66,detection_threshold,9210a146bf0dae8428756a605ec32ea0,outputs\debug\crop_detection_threshold_078.png
extra\66,minimum_area,15571e28f73e8bf91bb08887fca268c7,outputs\debug\crop_minimum_area_079.png
extra\66,minimum_height,68450482e6c864c05d0bf44999172e04,outputs\debug\crop_minimum_height_080.png
extra\67,start_min,ab084de60fe6d32f6a1e171ff46a5e60,outputs\debug\crop_start_min_170.png
extra\67,end_min,43164dce2b26ab5796337fdf0632ff93,outputs\debug\crop_end_min_171.png
extra\67,peak_width_sec,7c9f31cb388d9f94ac6c3d3a1cbcb4bb,outputs\debug\crop_peak_width_sec_172.png
extra\67,detection_threshold,c7d7fa0eddc19fabaabdf779af2c8b99,outputs\debug\crop_detection_threshold_173.png
extra\67,minimum_area,d296a237b21e89ffb952b66e8a4a2aeb,outputs\debug\crop_minimum_area_174.png
extra\67,minimum_height,15f5457f68d4096265cc6d0c5832bad0,outputs\debug\crop_minimum_height_175.png
extra\68,start_min,c974b5db0dfa8d01db92f7623b0c4fdb,outputs\debug\crop_start_min_328.png
extra\68,end_min,4ef6f6409687611bead943d90d56be5f,outputs\debug\crop_end_min_329.png
extra\68,peak_width_sec,377797e70c0442c0e98859ec35969060,outputs\debug\crop_peak_width_sec_330.png
extra\68,detection_threshold,cb21b11571b85b4ce26b0751cb022d2e,outputs\debug\crop_detection_threshold_331.png
extra\68,minimum_area,017d5630578fafee00383f895f203363,outputs\debug\crop_minimum_area_332.png
extra\68,minimum_height,2b83295f178a8f509a24f68ba8e0427f,outputs\debug\crop_minimum_height_333.png
extra\69,start_min,dc0581f349698c29e93fce79145cd66f,outputs\debug\crop_start_min_085.png
extra\69,end_min,6fcf703bd3a314ffda5a401e4b8ef68e,outputs\debug\crop_end_min_086.png
extra\69,peak_width_sec,1c5e041b73995222a901e2650d0d8400,outputs\debug\crop_peak_width_sec_087.png
extra\69,detection_threshold,b3af8ce3662cc525146ed72a0f3c6a43,outputs\debug\crop_detection_threshold_088.png
extra\69,minimum_area,be595c3c9f7d2b6b8cb5a58a57b5c338,outputs\debug\crop_minimum_area_089.png
extra\69,minimum_height,2493cf12937d3ff1532c64e06b980793,outputs\debug\crop_minimum_height_090.png
extra\71,start_min,0aa49224dc62735b56a9ffba8efe8638,outputs\debug\crop_start_min_334.png
extra\71,end_min,91317e1755784413ed6f938b8ade2f54,outputs\debug\crop_end_min_335.png
extra\71,peak_width_sec,707a1a18d5c9a43440a8bf0e370a7976,outputs\debug\crop_peak_width_sec_336.png
extra\71,detection_threshold,a95836dacaec90bca86ee39e3cae820b,outputs\debug\crop_detection_threshold_337.png
extra\71,minimum_area,109d02881e72f211910dbffcaa8740b5,outputs\debug\crop_minimum_area_338.png
extra\71,minimum_height,503995ff9d17e8e0df1103efdc10b7d2,outputs\debug\crop_minimum_height_339.png
extra\72,start_min,a84f7016c41bdd6aab5693cc0d6535b7,outputs\debug\crop_start_min_340.png
extra\72,end_min,29f2bf1a076cd27e6fb2d4f322f9defa,outputs\debug\crop_end_min_341.png
extra\72,peak_width_sec,918ca1fa2478b514a84f9797fca9cc86,outputs\debug\crop_peak_width_sec_342.png
extra\72,detection_threshold,d1347935d2bd423990122607352aefab,outputs\debug\crop_detection_threshold_343.png
extra\72,minimum_area,a901e05b540ffe8d3068df75bba5c51d,outputs\debug\crop_minimum_area_344.png
extra\72,minimum_height,89d58a18816d094d3b4441dd6d57fa16,outputs\debug\crop_minimum_height_345.png
extra\73,start_min,6741490efb18737717040eee88eb6272,outputs\debug\crop_start_min_346.png
extra\73,end_min,69073a3c82fdc2888aedec45ae43c67a,outputs\debug\crop_end_min_347.png
extra\73,peak_width_sec,ffafe6588f712b2271566ec21f8ad0ad,outputs\debug\crop_peak_width_sec_348.png
extra\73,detection_threshold,7a813148c9ddd058f17fc8c0fd5936ef,outputs\debug\crop_detection_threshold_349.png
extra\73,minimum_area,979fbf66d28511354039b1b1c4392b30,outputs\debug\crop_minimum_area_350.png
extra\73,minimum_height,647286394c9540145fb39e1b11962f07,outputs\debug\crop_minimum_height_351.png
extra\75,start_min,2f74af8c619c76ee19759e463af1699d,outputs\debug\crop_start_min_352.png
extra\75,end_min,9393ceff7baafd6dca35d21690f357cf,outputs\debug\crop_end_min_353.png
extra\75,peak_width_sec,685e7eb67b7696b8abe84cf04e83b873,outputs\debug\crop_peak_width_sec_354.png
extra\75,detection_threshold,768245553492c778cb79274109e97955,outputs\debug\crop_detection_threshold_355.png
extra\75,minimum_area,432673a6654f4fa860311afe67da82c4,outputs\debug\crop_minimum_area_356.png
extra\75,minimum_height,0896e2f74d4ac2083794d6de6c139227,outputs\debug\crop_minimum_height_357.png
extra\76,start_min,89852f4dbdab7bcc675749a7d0c3799e,outputs\debug\crop_start_min_358.png
extra\76,end_min,f211d67ac4cbe6d3a82fa8328c187b1e,outputs\debug\crop_end_min_159.png
extra\76,peak_width_sec,260ee08ae2ca473f08ff7690ad84f7d5,outputs\debug\crop_peak_width_sec_359.png
extra\76,detection_threshold,e9c354375e65802f922ffc13e30888cf,outputs\debug\crop_detection_threshold_360.png
extra\76,minimum_area,998f2899878c8cad5129d3b03e803b5b,outputs\debug\crop_minimum_area_162.png
extra\76,minimum_height,0deffb2b975d82208f8df5f3aa097563,outputs\debug\crop_minimum_height_361.png
extra\77,start_min,3a41d7c6b925e7194f1ab50b6e59be8c,outputs\debug\crop_start_min_362.png
extra\77,end_min,0379d1af2153f9ae0d1c09c240923bab,outputs\debug\crop_end_min_363.png
extra\77,peak_width_sec,0af22b16f9f185858cd0460fd84fd37c,outputs\debug\crop_peak_width_sec_364.png
extra\77,detection_threshold,c81c556b3df7ef20ed3fb6f7b3ec0aeb,outputs\debug\crop_detection_threshold_365.png
extra\77,minimum_area,9cb95d7aea443c734898c2d100855c13,outputs\debug\crop_minimum_area_366.png
extra\77,minimum_height,9f6311c51b364196ec49b19073dde113,outputs\debug\crop_minimum_height_367.png
extra\78,start_min,7746ed9ad96a24f2d7fe75442095c11c,outputs\debug\crop_start_min_368.png
extra\78,end_min,f3821a5c0a69b966fa04936cfc39cc3a,outputs\debug\crop_end_min_369.png
extra\78,peak_width_sec,f281c0f20071dd655ce3625f66e9730b,outputs\debug\crop_peak_width_sec_370.png
extra\78,detection_threshold,fef8a23dc3c198c2a12e79d1e4b06034,outputs\debug\crop_detection_threshold_371.png
extra\78,minimum_area,e0f342f42d794addea4e07f94c2fbe4b,outputs\debug\crop_minimum_area_372.png
extra\78,minimum_height,e3eabf2c41fd558d3cd77f84ffc933a3,outputs\debug\crop_minimum_height_373.png
extra\79,start_min,cd5aa117cd36e3e1a6c18ad422b46d8a,outputs\debug\crop_start_min_374.png
extra\79,end_min,8081634fd3e6e8f9a1df1ebfca81f8e9,outputs\debug\crop_end_min_375.png
extra\79,peak_width_sec,acf822407adae468a53caa6cabefb9ce,outputs\debug\crop_peak_width_sec_376.png
extra\79,detection_threshold,387fb6eadffc9f255d29b28737bd110c,outputs\debug\crop_detection_threshold_377.png
extra\79,minimum_area,d983f351c53a31098b4a7c20971bfb0e,outputs\debug\crop_minimum_area_378.png
extra\79,minimum_height,15f6f036160ec5ac8cb913376d794aeb,outputs\debug\crop_minimum_height_379.png
extra\81,start_min,dc49e97af662b10680b9c69b4700850c,outputs\debug\crop_start_min_380.png
extra\81,end_min,6ba5847d931a6b2a5eb0050575cbf7d2,outputs\debug\crop_end_min_165.png
extra\81,peak_width_sec,e5a9919fe4940677eea6b2f0eb767fd0,outputs\debug\crop_peak_width_sec_381.png
extra\81,detection_threshold,224e87b02b5a9e08739e24d1f69a920d,outputs\debug\crop_detection_threshold_382.png
extra\81,minimum_area,928917635d1f26b1be3b836b7356cbd1,outputs\debug\crop_minimum_area_168.png
extra\81,minimum_height,e2a0d8892749ae2bdd7c0a946a25d512,outputs\debug\crop_minimum_height_383.png
extra\82,start_min,0e594304c7941f002be55eddfed27388,outputs\debug\crop_start_min_384.png
extra\82,end_min,79cc7f6375c0e5906372a264ee89630c,outputs\debug\crop_end_min_385.png
extra\82,peak_width_sec,fd6e67810eb83cbeee1a51c6735b01b6,outputs\debug\crop_peak_width_sec_386.png
extra\82,detection_threshold,b36fabd624bb82c653419669001f5af5,outputs\debug\crop_detection_threshold_387.png
extra\82,minimum_area,be968c4998ae1d367c2b79e3de873b1d,outputs\debug\crop_minimum_area_388.png
extra\82,minimum_height,a6c672efba80c173b34313da96c31d6d,outputs\debug\crop_minimum_height_389.png
extra\83,start_min,c6fa79a568da15727ac464d5ff54112a,outputs\debug\crop_start_min_390.png
extra\83,end_min,4a103298c87b2b49ea78f3f92f75c85a,outputs\debug\crop_end_min_147.png
extra\83,peak_width_sec,36aaff5d7fa3b9d32792f8ed46121eea,outputs\debug\crop_peak_width_sec_391.png
extra\83,detection_threshold,c1388e4fe74ebbff405aeca6366674b7,outputs\debug\crop_detection_threshold_392.png
extra\83,minimum_area,5cfd41246072370deb3e4e09b2b801e5,outputs\debug\crop_minimum_area_150.png
extra\83,minimum_height,93752695c4ea4f9b71ec56b865860de4,outputs\debug\crop_minimum_height_393.png
extra\84,start_min,622edf0500d5666067dac7ea2b6adb08,outputs\debug\crop_start_min_394.png
extra\84,end_min,aafd7c79dae83b9f392e2f2f76178a92,outputs\debug\crop_end_min_273.png
extra\84,peak_width_sec,8fa835999d00ed3f59bb9ca648451e09,outputs\debug\crop_peak_width_sec_395.png
extra\84,detection_threshold,71fdf0064ca13fe81bca2d64a2655704,outputs\debug\crop_detection_threshold_396.png
extra\84,minimum_area,96333a728bcb6a72856ce3f68eab5aa9,outputs\debug\crop_minimum_area_068.png
extra\84,minimum_height,8d48a65de26c278e67d636a78bb68105,outputs\debug\crop_minimum_height_397.png
extra\85,start_min,2e4858935135ae80f72840b6627a6a3f,outputs\debug\crop_start_min_398.png
extra\85,end_min,cad9191d1d0fbe9ea95a238bdf66fee4,outputs\debug\crop_end_min_399.png
extra\85,peak_width_sec,b6de2896046a741eed0fb9b4a3098bd5,outputs\debug\crop_peak_width_sec_400.png
extra\85,detection_threshold,862aa64805307a5474f94a003a3ab522,outputs\debug\crop_detection_threshold_401.png
extra\85,minimum_area,698c0108626fb633b2d2e33ad3280026,outputs\debug\crop_minimum_area_402.png
extra\85,minimum_height,7bc5b54c16942aeeeb5c534d0684a83c,outputs\debug\crop_minimum_height_403.png
extra\86,start_min,5722f2ccb1c8d2b8ce1283f2050ed4fb,outputs\debug\crop_start_min_404.png
extra\86,end_min,8495b9a5a425d08cdc41fb9a69219b63,outputs\debug\crop_end_min_314.png
extra\86,peak_width_sec,7c9f31cb388d9f94ac6c3d3a1cbcb4bb,outputs\debug\crop_peak_width_sec_172.png
extra\86,detection_threshold,c7d7fa0eddc19fabaabdf779af2c8b99,outputs\debug\crop_detection_threshold_173.png
extra\86,minimum_area,d296a237b21e89ffb952b66e8a4a2aeb,outputs\debug\crop_minimum_area_174.png
extra\86,minimum_height,15f5457f68d4096265cc6d0c5832bad0,outputs\debug\crop_minimum_height_175.png
extra\87,start_min,2910fe8667a879753886cce9f49ddb13,outputs\debug\crop_start_min_405.png
extra\87,end_min,d91c6450949f6815a59601deb2fd9e4f,outputs\debug\crop_end_min_406.png
extra\87,peak_width_sec,3edeb18fa89125e12373555c865fa822,outputs\debug\crop_peak_width_sec_407.png
extra\87,detection_threshold,f146d0f6a6471acafe271858b021ff71,outputs\debug\crop_detection_threshold_408.png
extra\87,minimum_area,b0c4dd5a161076c655f1730824a2ea53,outputs\debug\crop_minimum_area_409.png
extra\87,minimum_height,d6d884967284e7078c4d25f86a0164d8,outputs\debug\crop_minimum_height_410.png
extra\88,start_min,4891e06cb0cf2a2f859829ff3bab744b,outputs\debug\crop_start_min_411.png
extra\88,end_min,b87dbb4234ad846cde6ac8d41ad5a6a9,outputs\debug\crop_end_min_412.png
extra\88,peak_width_sec,a7f433a78049ac7fa9704af7143ae0c6,outputs\debug\crop_peak_width_sec_413.png
extra\88,detection_threshold,481a47743ffe56e17845a9d44e45097d,outputs\debug\crop_detection_threshold_414.png
extra\88,minimum_area,24109b1e8a9fc0b152cae782ebbea97d,outputs\debug\crop_minimum_area_415.png
extra\88,minimum_height,9c4b56dc3f7775e6cdb63298c323eba5,outputs\debug\crop_minimum_height_416.png
extra\89,start_min,218b83d5c699027c17b974ba167f38ee,outputs\debug\crop_start_min_248.png
extra\89,end_min,03212ac5c390bbc944bf580cfbeb0817,outputs\debug\crop_end_min_417.png
extra\89,peak_width_sec,b3f3e9955f280e295470eca49d4c1051,outputs\debug\crop_peak_width_sec_250.png
extra\89,detection_threshold,7b699806fffcd8470f840492c7bf8a62,outputs\debug\crop_detection_threshold_251.png
extra\89,minimum_area,a54aa97ca880b1961ad399a1aeafd4be,outputs\debug\crop_minimum_area_252.png
extra\89,minimum_height,12326567b288fe33b53b142e42be69e1,outputs\debug\crop_minimum_height_253.png
extra\90,start_min,5bdc3dc72e3cd0c424524ffbccac28c6,outputs\debug\crop_start_min_418.png
extra\90,end_min,6e49b4622306ae8b33d52fe6acf81b9d,outputs\debug\crop_end_min_419.png
extra\90,peak_width_sec,858d5c210c6dffb50773d60ea91ee53e,outputs\debug\crop_peak_width_sec_420.png
extra\90,detection_threshold,e2f6f1063096eccfafe12a65a4c9a315,outputs\debug\crop_detection_threshold_421.png
extra\90,minimum_area,868ecf488bda618e89754a4fe2af534e,outputs\debug\crop_minimum_area_422.png
extra\90,minimum_height,1692270a32e53169150f2a232672df61,outputs\debug\crop_minimum_height_423.png
extra\91,start_min,b9845bebf888c23153c3df13040dca9a,outputs\debug\crop_start_min_424.png
extra\91,end_min,773c1d5e0d907c19b3d876a66fcbf531,outputs\debug\crop_end_min_425.png
extra\91,peak_width_sec,567d7ba1f696db0ed24bfdecb7d5fa11,outputs\debug\crop_peak_width_sec_426.png
extra\91,detection_threshold,742d3522077b75c011dcbaed2c33cbd5,outputs\debug\crop_detection_threshold_427.png
extra\91,minimum_area,c3527b7b8d8313f76c5565033b99e124,outputs\debug\crop_minimum_area_428.png
extra\91,minimum_height,6fff8646371ab62d2097be55e2863ff5,outputs\debug\crop_minimum_height_429.png
extra\92,start_min,235c96266fefd2497a998657f28bf1f5,outputs\debug\crop_start_min_430.png
extra\92,end_min,bd3e955dbaac8cfb371967e9eec92bed,outputs\debug\crop_end_min_431.png
extra\92,peak_width_sec,7226ffc20e477173e635406f73321346,outputs\debug\crop_peak_width_sec_432.png
extra\92,detection_threshold,d176a2918fc073e82e7b08e128c0b030,outputs\debug\crop_detection_threshold_433.png
extra\92,minimum_area,5cfd41246072370deb3e4e09b2b801e5,outputs\debug\crop_minimum_area_150.png
extra\92,minimum_height,2d9836229df832924e7504cd1a9a0c95,outputs\debug\crop_minimum_height_434.png
extra\98,start_min,17d03ff42829f51661c9ea2a3725fddb,outputs\debug\crop_start_min_211.png
extra\98,end_min,0923fe0ef32519fbd2f7e41ac22d660b,outputs\debug\crop_end_min_212.png
extra\98,peak_width_sec,8ba154ead1e331f2f1b6b14a466b5067,outputs\debug\crop_peak_width_sec_213.png
extra\98,detection_threshold,2283a903a577da72ba15824729e8e802,outputs\debug\crop_detection_threshold_214.png
extra\98,minimum_area,fc7503ea21f67cb4a31fa75eda380ac1,outputs\debug\crop_minimum_area_215.png
extra\98,minimum_height,d50375eb815da02ea009a9e411689998,outputs\debug\crop_minimum_height_216.png
extra\99,start_min,735a8df5c0dbaf379b590b602f907df7,outputs\debug\crop_start_min_435.png
extra\99,end_min,1b76ec413aa12153d84788f9099f258c,outputs\debug\crop_end_min_436.png
extra\99,peak_width_sec,5fa1a13f61dee1b0093958fc6b45fd40,outputs\debug\crop_peak_width_sec_154.png
extra\99,detection_threshold,032fdfee91ec8c4f6c2aacc2c4610d44,outputs\debug\crop_detection_threshold_155.png
extra\99,minimum_area,6c744b2dce856d499022d7b96e3566b0,outputs\debug\crop_minimum_area_156.png
extra\99,minimum_height,7c575a9e47a4f6ca57aa875d70fa1564,outputs\debug\crop_minimum_height_437.png
extra\D1,start_min,7bcb0f2290592332d1bceedd4193c22f,outputs\debug\crop_start_min_182.png
extra\D1,end_min,f52893be4a9fecdc75f849ed048bae2a,outputs\debug\crop_end_min_183.png
extra\D1,peak_width_sec,dbd9552232eb5f0d741090191b257c01,outputs\debug\crop_peak_width_sec_184.png
extra\D1,detection_threshold,8ab24114311ee2a8098227319af80859,outputs\debug\crop_detection_threshold_185.png
extra\D1,minimum_area,eff2e5d38b0e337c927c1728be07e826,outputs\debug\crop_minimum_area_186.png
extra\D1,minimum_height,6930b7e8f55c9390418f2bda246a7dad,outputs\debug\crop_minimum_height_187.png
extra\D2,start_min,4fc8e7922f15918af51c0ca9a4e81b2f,outputs\debug\crop_start_min_188.png
extra\D2,end_min,6267d1a4a5efc0b710c96237ae875383,outputs\debug\crop_end_min_189.png
extra\D2,peak_width_sec,b0d2ebf6081a6eae264a19c80e33a09f,outputs\debug\crop_peak_width_sec_190.png
extra\D2,detection_threshold,a049a700a2ae7248f0f4ac97c28b9b19,outputs\debug\crop_detection_threshold_191.png
extra\D2,minimum_area,c77b807ee864edbb9abf498755c98033,outputs\debug\crop_minimum_area_192.png
extra\D2,minimum_height,0c13480e4dd6fc4fd0f322f1bce7f553,outputs\debug\crop_minimum_height_193.png
extra\D3,start_min,47b1d47926dd1fa005fa98a62f681ec4,outputs\debug\crop_start_min_438.png
extra\D3,end_min,cf97fa3a56e1675b0ac374b5d82f97e6,outputs\debug\crop_end_min_439.png
extra\D3,peak_width_sec,54859287b6a7b3398df23b5b3426ea69,outputs\debug\crop_peak_width_sec_440.png
extra\D3,detection_threshold,0995f2fc7e7141cf1d4c3b774b489b0c,outputs\debug\crop_detection_threshold_441.png
extra\D3,minimum_area,4197957713c61139b22c4b2e3f106472,outputs\debug\crop_minimum_area_442.png
extra\D3,minimum_height,5624805353c51da9002207d33f3ee64c,outputs\debug\crop_minimum_height_443.png
extra\D4,start_min,0c51ed8ed4fa8d58d7139ef9339273a7,outputs\debug\crop_start_min_444.png
extra\D4,end_min,6c0703422a45ed25ba26c6da57a73bed,outputs\debug\crop_end_min_445.png
extra\D4,peak_width_sec,29ac2e40877e35e47346837f4a4d444a,outputs\debug\crop_peak_width_sec_446.png
extra\D4,detection_threshold,f877cee4f95eb2fb9db6d5fe2edecc71,outputs\debug\crop_detection_threshold_447.png
extra\D4,minimum_area,7baca81136b774c4c2010d071967d80a,outputs\debug\crop_minimum_area_448.png
extra\D4,minimum_height,3695b73a9d569246e292f728693f0f82,outputs\debug\crop_minimum_height_449.png
extra\D5,start_min,4fc8e7922f15918af51c0ca9a4e81b2f,outputs\debug\crop_start_min_188.png
extra\D5,end_min,6267d1a4a5efc0b710c96237ae875383,outputs\debug\crop_end_min_189.png
extra\D5,peak_width_sec,b0d2ebf6081a6eae264a19c80e33a09f,outputs\debug\crop_peak_width_sec_190.png
extra\D5,detection_threshold,a049a700a2ae7248f0f4ac97c28b9b19,outputs\debug\crop_detection_threshold_191.png
extra\D5,minimum_area,c77b807ee864edbb9abf498755c98033,outputs\debug\crop_minimum_area_192.png
extra\D5,minimum_height,0c13480e4dd6fc4fd0f322f1bce7f553,outputs\debug\crop_minimum_height_193.png
extra\HT LL 1,start_min,b305875c290b7a1e2b866106661c934d,outputs\debug\crop_start_min_152.png
extra\HT LL 1,end_min,ad12a278b60487455acf3f5c9b9bbb9e,outputs\debug\crop_end_min_153.png
extra\HT LL 1,peak_width_sec,5fa1a13f61dee1b0093958fc6b45fd40,outputs\debug\crop_peak_width_sec_154.png
extra\HT LL 1,detection_threshold,032fdfee91ec8c4f6c2aacc2c4610d44,outputs\debug\crop_detection_threshold_155.png
extra\HT LL 1,minimum_area,6c744b2dce856d499022d7b96e3566b0,outputs\debug\crop_minimum_area_156.png
extra\HT LL 1,minimum_height,521a5680f8d8e41e64058228ba9a4e0e,outputs\debug\crop_minimum_height_157.png
extra\HT LL 2,start_min,7bc6c3cae5e54dcde1c368065000973b,outputs\debug\crop_start_min_176.png
extra\HT LL 2,end_min,7ed3ac8237c3d3f7594dd8643ae0c5e5,outputs\debug\crop_end_min_177.png
extra\HT LL 2,peak_width_sec,0a11ee2296eaf9a6e4ae6c9585ebf59b,outputs\debug\crop_peak_width_sec_178.png
extra\HT LL 2,detection_threshold,3e0c17afdc6ba03b177e9a7f3d943bd4,outputs\debug\crop_detection_threshold_179.png
extra\HT LL 2,minimum_area,0de0cdf453677f68000c8c66f07388ff,outputs\debug\crop_minimum_area_180.png
extra\HT LL 2,minimum_height,c3f0ecf86818cf6dfb2515af6629a519,outputs\debug\crop_minimum_height_181.png
extra\HT LL 3,start_min,e6055136c762ef8696eb2a1d4175da65,outputs\debug\crop_start_min_450.png
extra\HT LL 3,end_min,bb86e36ecf455caf681aca7c3359cea7,outputs\debug\crop_end_min_451.png
extra\HT LL 3,peak_width_sec,245e9bad6562afef87460079b12fac89,outputs\debug\crop_peak_width_sec_452.png
extra\HT LL 3,detection_threshold,1fa991546092977f4477b8d484ab6509,outputs\debug\crop_detection_threshold_453.png
extra\HT LL 3,minimum_area,aba127db9b7db018854fc48b669b9e98,outputs\debug\crop_minimum_area_454.png
extra\HT LL 3,minimum_height,94d0a1360602ab11110755c6b727980d,outputs\debug\crop_minimum_height_455.png
extra\HT LL 4,start_min,3aabf5d068867a6d65f795f8dec38872,outputs\debug\crop_start_min_456.png
extra\HT LL 4,end_min,67be4d637951c235282382bec3b95da9,outputs\debug\crop_end_min_457.png
extra\HT LL 4,peak_width_sec,9f62564a2fe15da4611d5fca0b224da1,outputs\debug\crop_peak_width_sec_458.png
extra\HT LL 4,detection_threshold,82e3565500d3bc1162a3fcbb2bab08e3,outputs\debug\crop_detection_threshold_459.png
extra\HT LL 4,minimum_area,5bfc969316cfaaede08e4c4059a8787e,outputs\debug\crop_minimum_area_460.png
extra\HT LL 4,minimum_height,658c8f6351db9ac17258f3d915bf6543,outputs\debug\crop_minimum_height_461.png
extra\HT LL 5,start_min,bee9c0a1c9488599ac86bc2807578077,outputs\debug\crop_start_min_462.png
extra\HT LL 5,end_min,b47c109c7b3d5aeb759b281cd6c7d11b,outputs\debug\crop_end_min_463.png
extra\HT LL 5,peak_width_sec,5cf1ac9bbb8cf5d57811475e6ff1a4b4,outputs\debug\crop_peak_width_sec_464.png
extra\HT LL 5,detection_threshold,addca7fb55f3e7daf0d38da401113dae,outputs\debug\crop_detection_threshold_465.png
extra\HT LL 5,minimum_area,a9165884e3bb9a6dda4098628ec4295d,outputs\debug\crop_minimum_area_466.png
extra\HT LL 5,minimum_height,1763d616e7a029c3665e982a8397ddf2,outputs\debug\crop_minimum_height_467.png
extra\jian1,start_min,903d9ce4ca94f6cd9242efb2c1649563,outputs\debug\crop_start_min_217.png
extra\jian1,end_min,2709cc70230993804bc3ce30e6c45e7a,outputs\debug\crop_end_min_218.png
extra\jian1,peak_width_sec,3186d9dc435601f0e8532f9fe2f4e16b,outputs\debug\crop_peak_width_sec_219.png
extra\jian1,detection_threshold,cd897f1e0be3c46cb2330d5727942064,outputs\debug\crop_detection_threshold_220.png
extra\jian1,minimum_area,e0412f900c4e22dcf8c690eafb33dd0e,outputs\debug\crop_minimum_area_221.png
extra\jian1,minimum_height,62560545dc7bf4689d9b959200b969e4,outputs\debug\crop_minimum_height_222.png
extra\jian2,start_min,e8fb4545bc849f200d99c77bba80d66c,outputs\debug\crop_start_min_223.png
extra\jian2,end_min,58fc3a7607d59329c474961ba3683e63,outputs\debug\crop_end_min_224.png
extra\jian2,peak_width_sec,bf86c6dbf3605897dbfb4ead2da0b3fe,outputs\debug\crop_peak_width_sec_225.png
extra\jian2,detection_threshold,9812a53bd3c662b6d4c574a1755bcd88,outputs\debug\crop_detection_threshold_226.png
extra\jian2,minimum_area,25e025ddcc8ba4a3967b90d194245a03,outputs\debug\crop_minimum_area_227.png
extra\jian2,minimum_height,a764c0116b00afb45af9fb4fd94c9852,outputs\debug\crop_minimum_height_228.png
extra\jian3,start_min,903d9ce4ca94f6cd9242efb2c1649563,outputs\debug\crop_start_min_217.png
extra\jian3,end_min,2709cc70230993804bc3ce30e6c45e7a,outputs\debug\crop_end_min_218.png
extra\jian3,peak_width_sec,3186d9dc435601f0e8532f9fe2f4e16b,outputs\debug\crop_peak_width_sec_219.png
extra\jian3,detection_threshold,cd897f1e0be3c46cb2330d5727942064,outputs\debug\crop_detection_threshold_220.png
extra\jian3,minimum_area,e0412f900c4e22dcf8c690eafb33dd0e,outputs\debug\crop_minimum_area_221.png
extra\jian3,minimum_height,62560545dc7bf4689d9b959200b969e4,outputs\debug\crop_minimum_height_222.png
extra\N1,start_min,8f1733e8d6bd7044b05a73418657ec99,outputs\debug\crop_start_min_468.png
extra\N1,end_min,bb6725be4bf26268774164a549896bc5,outputs\debug\crop_end_min_469.png
extra\N1,peak_width_sec,9a4e917e091fb0f6f50991e27bf531c2,outputs\debug\crop_peak_width_sec_470.png
extra\N1,detection_threshold,a10a9ecb75fa651d1541dfa1e1830d72,outputs\debug\crop_detection_threshold_471.png
extra\N1,minimum_area,2ce04b6a629807d6eb6b17f45390e743,outputs\debug\crop_minimum_area_472.png
extra\N1,minimum_height,340a36071a6e0f5454fda02b4472817f,outputs\debug\crop_minimum_height_473.png
extra\N2,start_min,e89281d2cf1b26444bc4a1a7b024643d,outputs\debug\crop_start_min_474.png
extra\N2,end_min,0ad9f015ed70c7882be2f669e3670b8c,outputs\debug\crop_end_min_475.png
extra\N2,peak_width_sec,c04075822f7c6bd01efe35c21d74e32e,outputs\debug\crop_peak_width_sec_476.png
extra\N2,detection_threshold,29d24fb555ac8e36a335f114e42ea223,outputs\debug\crop_detection_threshold_286.png
extra\N2,minimum_area,6d86135dccbe9b5fe6fa8fb30cc8664b,outputs\debug\crop_minimum_area_287.png
extra\N2,minimum_height,f49baea2ae54a1b749838f11c24f58a3,outputs\debug\crop_minimum_height_477.png
extra\N3,start_min,2d6ac96bb88335048c62abe8c946b495,outputs\debug\crop_start_min_478.png
extra\N3,end_min,e1ae5653feb05304c43a08bf5719cff8,outputs\debug\crop_end_min_479.png
extra\N3,peak_width_sec,b4b9d9eb345dee2051384b109c340ead,outputs\debug\crop_peak_width_sec_480.png
extra\N3,detection_threshold,3c96af2bafd309ff604f070695164644,outputs\debug\crop_detection_threshold_263.png
extra\N3,minimum_area,0fe768714a6933f87bb8f4f79b66b7b9,outputs\debug\crop_minimum_area_264.png
extra\N3,minimum_height,c03c462d92e0a482350cd83fbddd81bd,outputs\debug\crop_minimum_height_481.png
extra\N4,start_min,17ff514b66f121d737f140b09fc57a59,outputs\debug\crop_start_min_482.png
extra\N4,end_min,b12f5eb254b29f5cd82dc98fe696be33,outputs\debug\crop_end_min_483.png
extra\N4,peak_width_sec,95ba8d4ce890d14ad5d71647821a6b44,outputs\debug\crop_peak_width_sec_484.png
extra\N4,detection_threshold,c80566bf9ac1e3214b61bf3a77ca3202,outputs\debug\crop_detection_threshold_485.png
extra\N4,minimum_area,06e9ab14b2754a6d215a6cc9b618ce73,outputs\debug\crop_minimum_area_486.png
extra\N4,minimum_height,286fd6970add5511ab5ac9548491ddd5,outputs\debug\crop_minimum_height_487.png
extra\N5,start_min,5a375cd2f3d1a9c4a4102b7d2b47cb33,outputs\debug\crop_start_min_488.png
extra\N5,end_min,4878376260c38767e38fa6a333d5d31f,outputs\debug\crop_end_min_489.png
extra\N5,peak_width_sec,afc60ef7f64fb907a4656e49f6c10ac9,outputs\debug\crop_peak_width_sec_490.png
extra\N5,detection_threshold,49798591dbb5bfce3f244d49d8f9d93c,outputs\debug\crop_detection_threshold_167.png
extra\N5,minimum_area,928917635d1f26b1be3b836b7356cbd1,outputs\debug\crop_minimum_area_168.png
extra\N5,minimum_height,e2a0d8892749ae2bdd7c0a946a25d512,outputs\debug\crop_minimum_height_383.png
